Employee ID,Name,Rank,Role,Location,Age,Gender
c4857be6-d063-46e0-bf81-1264dd234c36,Michelle Ward,Mid,Designer,South Benjaminburgh,37,Male
e0f160eb-7bb8-4dc2-9e11-00d2d6fd05a5,Lauren Haas,Lead,Analyst,Juliaburgh,56,Female
1b61c5c0-9139-4a67-bbd4-657f09895fa3,John Burke,Lead,Designer,South Andrew,59,Non-binary
8d9bfb67-de03-4f67-826f-e7003b01ddbb,Mr. James Cook,Mid,Analyst,Yoderberg,22,Male
85891058-16aa-459b-8430-9c1b08513eb9,Laurie Armstrong,Lead,Engineer,Port Jeremyshire,63,Male
0d536df0-91c3-447e-8daa-c04ed1918151,Alex Leach,Junior,Analyst,South Matthewville,61,Non-binary
b82d55f1-6d3f-41e2-bafb-1582f3f0f813,Christina Herrera,Senior,Engineer,East Thomas,35,Non-binary
0c4e549e-2769-4cd3-a406-d19c944aae10,Richard Anthony Jr.,Junior,Manager,Lake Steven,44,Non-binary
d8ca49dc-1d8a-4d63-a9d5-f8b3f2a0b6ec,Michael Jones,Junior,Manager,Harthaven,61,Male
36c0e2f8-9d1f-4dfe-b643-25905d527e25,Antonio Hall,Lead,Designer,New Jamiebury,64,Non-binary
688cadd5-d40e-40bd-905d-e742d3781895,Benjamin Fischer,Senior,Designer,East Danielle,64,Non-binary
5c179596-cc3d-4810-8c21-a2219a6147a0,Stephanie Huang,Junior,Analyst,West Joshua,38,Male
15fb7bea-50b3-49cc-b330-3c1e660d4f3a,Heather Webb,Lead,Engineer,Hannahfort,25,Non-binary
e67bff96-f837-428f-be44-107bd9b74db3,Richard Harvey,Junior,Engineer,Lake Scottside,27,Non-binary
4df04850-c8e2-4af5-938a-60788499f576,Scott Chan,Junior,Manager,Tonyton,29,Female
0b4f94a3-6496-43d8-9b5a-a1222a6d0e3c,Christina Owens,Senior,Designer,New Catherinemouth,51,Non-binary
230bc8d7-e580-4eea-852f-28aa5002d55f,Misty Chan,Junior,Manager,Anthonyburgh,54,Female
9e9abe4f-232e-4767-8090-6417676f1a88,Brandon Harrell DDS,Lead,Designer,New Ellenside,38,Female
62109d2a-e3f7-4192-8d5e-55547b7f02fc,Ann Butler,Mid,Designer,West Virginia,51,Non-binary
f8190108-5106-4aac-8640-704a6e6586ab,James Riddle,Mid,Analyst,New Jeremiahmouth,59,Non-binary
4fd9e7e3-87f2-43fe-93f7-5725010510aa,Rodney Davis,Junior,Manager,Scottfurt,33,Female
913c0a95-ef14-45f0-b74d-91db821e04b6,Deanna Hicks,Mid,Analyst,Whitemouth,27,Female
dc43b913-208b-47ce-b111-9c0ce28e9840,John Vega,Senior,Manager,Aprilstad,51,Non-binary
648be019-d783-43fc-af84-77b641c94d6a,Erica Jackson,Senior,Manager,New Haydenborough,41,Male
bc36b939-a2d1-4772-abfd-893596208c7d,Donna Davis,Senior,Engineer,Johntown,43,Male
e87697f4-dc3c-44af-b148-cc0605073ace,Melissa Ramos,Lead,Engineer,Crystalshire,37,Female
0066369d-3154-410a-af89-b352b715654a,Alexander Curtis,Senior,Designer,West Jackmouth,64,Non-binary
b4b7eb77-1796-49f0-9197-890b69518ccc,Christina Smith,Mid,Designer,Myersfurt,55,Male
ea74617d-658f-44a9-a1b0-d5d4affde955,Joshua Valdez,Senior,Manager,Holmesshire,40,Female
78750ecf-e3e0-4e9b-a7ed-69b07db2ece8,Robert Neal,Mid,Analyst,Deanmouth,26,Male
be4e8bcb-e1c7-49da-8f15-11dcbca49fa1,Denise Woods,Mid,Analyst,South Jose,59,Non-binary
68321dc6-9caf-44bc-85f7-2e584390c8f8,Christopher Bell,Senior,Manager,Lake Alyssahaven,52,Female
a3467538-40f1-4c29-a9e4-3d6f209627c6,Eddie Taylor,Senior,Analyst,West Jessica,53,Non-binary
1a70c945-683b-41e2-ae3a-29da813ba53c,Luis Cannon,Senior,Designer,Woodardfurt,54,Male
643290b7-e748-42cf-b152-09474a182497,Peter Smith,Mid,Analyst,Amyview,64,Non-binary
019983d2-9371-4d63-97b4-a09980485201,Matthew Harris,Mid,Analyst,Leebury,45,Female
17a8c09e-489c-4a7e-9952-5a28dd026e5b,Jon Smith,Junior,Analyst,Lake Annetteton,43,Male
8e56e70e-55e1-4eb7-9d0f-7cdfe2e0143d,Erin Gonzalez,Mid,Engineer,Sheppardport,31,Female
8f31c733-5797-455c-9592-15f1e2f69f22,Samuel Brown,Senior,Engineer,North Anna,60,Male
2f4312e5-1027-4bf7-b370-4818b5848119,Jacqueline Collins,Lead,Manager,New Jeremymouth,27,Male
eb6fff67-6dd6-492c-951f-d45e6623963c,Margaret Collins,Junior,Engineer,North Summer,36,Female
5c750a67-fc44-4644-be75-7f695c9b17c9,Terry White,Senior,Analyst,New Brandonbury,46,Female
a00280f8-e3bf-48ec-800c-8e9677170fd8,Kyle Zimmerman,Junior,Manager,North Gina,47,Female
1e300f03-dc2b-4972-9408-c9a02b20be67,Yesenia Massey,Junior,Manager,New Elizabeth,23,Female
6c36972e-e3bc-4bc5-ab02-d37294b02917,Michael Woods,Senior,Designer,Bradyside,53,Female
ab18f443-28f4-4044-a8ef-705513278150,Kelly Parsons,Mid,Manager,South Brendanfurt,23,Male
fe173d10-1edd-4fd8-a1fe-10fba2d8ed95,Brooke Tucker,Lead,Designer,Brownbury,47,Non-binary
33209262-6c9f-4b0b-a04c-d56b541111ce,Gary Brown,Lead,Engineer,Garyton,33,Non-binary
60de8b08-b9a5-4c61-a0f6-557e90c99a78,Danielle Gonzalez,Mid,Manager,East Kathy,54,Male
4736dcb8-2c76-4e31-ba5c-5b85f48fda8c,Paul Rhodes,Mid,Designer,Smithbury,33,Non-binary
4f4ec392-dd24-47cb-8426-22cd3cfdb481,Christina Obrien,Junior,Designer,Port Daniel,32,Female
c00cb062-f7f7-4180-b549-61066d250a12,James Ponce,Lead,Analyst,Mitchellhaven,53,Male
6f83e042-f8d7-45e9-9197-edd591e86cf9,Mr. Nicholas Branch,Senior,Engineer,West Marciaberg,57,Female
e4620cb9-7a1c-4b5b-9534-d2114fa22a6e,Jennifer Silva,Mid,Manager,Blairhaven,57,Male
ff72513b-d6c2-435c-a061-72441fd6f00c,James Wells,Mid,Engineer,South Cherylberg,40,Male
9605183b-0e1f-4205-b69c-80b9a8b02c8a,Catherine Harris,Lead,Engineer,East Latashaburgh,43,Female
122bba7b-ec30-41c6-a55f-69af0ce742f9,Tracy Bennett,Mid,Manager,Frankshire,48,Male
8563a400-8f72-47f8-9590-47662bc751ef,Patrick White,Mid,Designer,South Andrewchester,60,Non-binary
db727be8-9f95-4669-9fdf-200dce592744,James Pitts,Senior,Engineer,Shermanland,56,Male
52020fc8-01c8-45b9-ad43-ca5630ab1229,Lauren Montes,Junior,Designer,Harrisbury,26,Female
c837f5c3-457e-48b4-9652-2f40f3011e8e,Jeffrey Barajas,Junior,Manager,Bryanmouth,62,Female
9c734bcd-5b17-432e-868a-1198511d59f9,John Hawkins Jr.,Mid,Manager,Raymondbury,50,Male
11a449b3-0a14-4cc3-bf7d-7613e1d066fd,Lauren Norman,Senior,Analyst,Jamesbury,46,Male
3d4c1922-8b6c-415c-a2ec-cff2a12a6e72,John Garcia,Lead,Analyst,Greenville,57,Female
406ddc42-72fa-47c2-89e9-43c4cacb4631,Tonya Garcia,Junior,Analyst,Ramirezstad,25,Female
5c2ca785-4015-446d-a732-703d5e31d1e9,Becky Gray,Mid,Analyst,South Seanfurt,48,Non-binary
0328c033-ebad-4054-a573-527236917c74,David Acosta,Senior,Designer,Lake Stephaniehaven,54,Non-binary
eff60e37-04ea-479d-8003-88c0a44be342,James Martin,Mid,Designer,Carterside,54,Non-binary
0dbcab86-e536-4109-bac0-7e3d070f067f,Walter Wilson,Lead,Engineer,North Chris,29,Male
a93d7961-fd9f-45a7-a2ce-3f080a38d326,Robert Frank,Mid,Engineer,New Nicholasfort,26,Male
b62af49e-d60a-4171-b72a-9b1bd911af46,Jonathon Sandoval,Senior,Analyst,Angelastad,56,Male
3e7aed54-d76b-49bc-9138-d186a4fcd6ed,Anna Cooper,Senior,Engineer,Alexandrashire,64,Male
94002ee4-2b04-441a-b09c-4a1d9264f793,Melinda Johnson,Lead,Analyst,Port Elizabethmouth,57,Non-binary
da0bad7c-d374-4e11-9de4-d4274709426a,Alexis Bennett,Senior,Engineer,South Michael,63,Non-binary
31571dda-2dd4-4168-b267-af14695feb83,Richard Summers,Senior,Manager,Lake Donna,30,Female
7a8643c4-bab3-4bfe-b0af-488419527196,Gerald Oneal,Lead,Engineer,Mitchellton,48,Non-binary
3b798b6d-1b1c-4f84-bf9a-d24d7fe33125,Timothy Lee,Senior,Manager,Davidfort,48,Non-binary
d363c096-2fbc-41ac-809b-e1c8a92d50a9,Roberto Freeman,Lead,Manager,Byrdshire,46,Non-binary
5611228c-9ce4-499e-afce-d0b04cd6bb27,Paul Cox,Junior,Designer,Lake Maxwellfort,58,Female
31a21aa6-a01c-4e67-8728-0d15e696ee7a,Erica Young,Junior,Engineer,Danielview,53,Male
56ccb280-6e46-4ac1-8d18-52e178f84e5d,Caitlin Perkins,Lead,Analyst,East Jessica,24,Non-binary
76f20988-dd2f-4e95-8f83-39df06916f8e,Craig Barnett,Junior,Manager,Ingramside,42,Male
5baebefa-b294-47a9-9c08-d290fa388fd2,Karen Frye,Senior,Analyst,Johnsonville,57,Female
96d52942-cde9-4f29-818a-2bf63af58b6d,Michelle Nelson,Mid,Designer,South Justinport,45,Female
3890d867-a418-43e0-8d55-de8898cf7861,Francisco Mullins,Mid,Manager,North Thomasberg,32,Male
c492f9d6-748e-401a-9b50-9e6c4f3d9190,Michael Rogers,Lead,Engineer,Debraport,45,Non-binary
4c45b8e0-8098-4984-b9a6-63c32605b3c0,Stephanie Jones,Senior,Engineer,West Amandatown,57,Female
8b964116-8ab9-49a6-b9aa-8f071e89fbae,Christy Frye,Mid,Analyst,Kimberlyfurt,32,Non-binary
68ce8c0c-64a7-44eb-bb25-a6d8269f7af6,Glen Horne,Senior,Designer,Jonathanstad,44,Non-binary
64341c2e-1c48-4227-81ef-e3b45d267ca6,Rickey Martin,Lead,Designer,Port Troy,51,Female
97defa10-8838-438f-aaff-10f1295fa5e7,Francis Johnson,Senior,Engineer,Johnberg,44,Non-binary
4e9d509e-b4f0-4271-914e-3a5090712c4c,Brandon Dudley,Junior,Designer,Reneefort,60,Non-binary
c53067f0-bf35-47c9-8898-00bd9fd9caac,Gregory Fritz,Senior,Designer,North James,33,Male
56180e8c-6acb-4c06-8e7f-6568cd0ae0c3,Shane Calhoun,Senior,Manager,Shanechester,32,Male
7124351d-2715-48b2-a162-765388ba8149,Steven Smith,Lead,Designer,Taylorport,61,Non-binary
01a64cd1-2ea4-444e-82ba-7c3a30bb671c,Kevin Campbell,Mid,Engineer,Port Audreyville,22,Male
029220a8-e792-4cac-94c5-53d6635d567b,Vanessa Kaiser,Senior,Manager,North Marissachester,43,Female
25aa80f6-969d-4bf5-9aa9-4f5cc904de0f,Jodi Fisher,Senior,Engineer,Lake Jessica,43,Male
7699857d-0cfb-4a8e-953a-99fb6a760ecd,Anthony Glass,Senior,Manager,Lake Craig,55,Male
adcd5996-27b1-430a-a90a-8aeea9f625c4,David Schwartz,Mid,Manager,Port Stephanie,47,Non-binary
23ee1277-f75e-4ccd-916c-5f900eb1c896,Anthony Butler,Senior,Designer,Mayport,32,Male
253053c7-2e7f-4bea-ac88-170c6390dbad,Kimberly May,Junior,Designer,West Jamiebury,38,Female
f417421c-5392-4710-9a99-aa208a9a15b3,Dylan Jones,Mid,Designer,Brianfurt,55,Male
1bb85a3a-4e35-4b27-b675-0fa6dcb74295,Robert Woods,Mid,Designer,East Timothy,54,Female
7f1a7a23-9cbf-4edb-a223-7ed8e16da056,Derek Perez,Lead,Engineer,North Roberttown,60,Male
222f12dd-16c3-47c7-b692-be20639bcc4d,Peter Reilly,Senior,Engineer,Lake Stephanieberg,59,Male
c6cb8f9c-ec3e-4a00-822b-e07fd6b10777,Sheri Jackson,Senior,Designer,Taylorfurt,42,Female
b3d8b59f-82ae-4f2a-a32c-8ff53a3f2226,Sara Mcdonald,Junior,Manager,East Donaldhaven,63,Male
da60a505-1911-4e16-bb5c-ebabc705ce65,Joseph Gregory,Lead,Engineer,North Laurahaven,27,Non-binary
4c09eaee-482e-4066-b298-4d26407d75b6,Travis Bryan,Junior,Designer,East Brian,28,Male
004d2bc7-0120-4fb9-8fd7-e8f9f6510fc8,Edward Johnson,Lead,Analyst,Port Maria,23,Male
544dbce6-6588-46e1-b092-c2c7e7f9281a,Gina Stanley,Lead,Manager,Jamestown,25,Non-binary
a60fbc2c-c3d8-4a53-bca9-f4f65f998ae7,Gabriela Ross,Junior,Analyst,Marieberg,46,Female
c1167311-c40b-4a40-ac4b-c8bf5e554d1f,Wendy Watson,Senior,Engineer,South David,54,Male
25539e41-0c3d-4b6b-b1aa-52a96b073f5a,Mark Smith,Lead,Engineer,Delgadochester,46,Male
16672877-063c-4172-9417-5046ab9a29d0,Kimberly Lopez,Senior,Analyst,Lake Jenniferside,50,Non-binary
f9c1cc52-6432-4ce3-a60b-4b9d1c02e77c,David Moore,Senior,Manager,Collinsport,37,Male
9c8e0c08-e7ee-4d76-9c2b-12e042d92ac9,James Mccarthy,Lead,Designer,Port Matthewchester,33,Non-binary
5f948e1b-7e43-44ad-ba05-cafd2505fd83,William Holmes,Junior,Engineer,Port Carriehaven,58,Male
e16685e1-3003-4719-85c2-b466faa3bf60,Joyce Simpson,Junior,Analyst,North Brendashire,59,Female
e2e0b299-5548-47f4-95c9-c6c6c3f4c116,Justin Odonnell,Senior,Analyst,Bethview,38,Male
1e60a12b-05f1-47db-a120-b304f501daaf,Nicole Olson,Mid,Analyst,Johnsonfurt,28,Male
2f7f5565-d9f2-49e4-ba73-18b65740214d,Crystal Davis,Senior,Engineer,Garciaport,54,Female
e31ab6cc-b618-42ad-a930-3726465dcb46,Allison Jones,Mid,Designer,Sotoberg,65,Female
d1e7f440-08b6-4ea0-8066-1e0c97dd1e61,Tracy Blair,Mid,Manager,Port Lori,35,Female
82883205-92e3-47db-ba47-3224bf8e8175,Logan Flores,Lead,Designer,Lake Robertburgh,30,Male
599c20e9-e34d-4f16-9085-1462ab4a7c29,Bethany Grimes,Junior,Manager,Simonhaven,52,Non-binary
ef1b1e6a-e3bb-42d4-8717-d6ee2554347d,Alisha Castro,Senior,Manager,Lake Ronald,56,Male
f2859443-0261-49e4-88b7-1671e89c2990,Oscar Miller,Junior,Designer,Jessicashire,28,Female
80c99946-cc33-4823-99af-400e5a93d170,Andrew Hill,Junior,Analyst,Arnoldborough,52,Non-binary
ac55931f-d635-4b5c-8afa-8c3873c5dbda,James Farmer,Junior,Manager,Allenstad,50,Male
b091c7b9-4ef3-4366-86aa-072794fe4e83,Jermaine Gomez,Lead,Analyst,East Christina,47,Non-binary
8f935aaa-a9a3-492f-8a18-ed32eb38658f,James Vazquez,Mid,Designer,Sarahtown,40,Female
f87b803e-bcb8-4176-97be-14f462dbf17b,William Kim,Lead,Designer,Rosehaven,23,Non-binary
3a08efd2-7b7e-4817-bcd0-6a293bf409ac,Robin Mejia,Lead,Designer,West Alexaview,55,Non-binary
1b2de007-12b6-42f7-9dec-fe321feb4a42,Anthony Rosales,Lead,Analyst,Lake Catherineside,27,Non-binary
d2c06cea-d1c9-4a91-b515-9981f411ccbd,Ann Moore,Junior,Analyst,Lake Melody,27,Male
1501f200-692c-4a54-9183-21cbe034a45a,Rhonda Reynolds,Mid,Manager,Port Teresaland,40,Non-binary
fb2665a7-8f6e-44be-98e9-1d6fd2fc4836,Tracy Gonzalez,Junior,Manager,Port Jeffery,29,Non-binary
d6c8048a-5894-4f24-b561-cd9113e9d697,Terry Hayes,Mid,Designer,New Angela,54,Non-binary
e792863c-e1dc-46b5-aed6-6db970311861,Jennifer Wilson,Junior,Manager,Lake Brendanton,57,Female
99c7e16e-d8fe-4c9e-bc84-cffaf8a0f70a,Travis Cortez MD,Mid,Designer,Beckchester,37,Female
7cde7cb4-ab9a-41ed-b285-25865963942a,Anne Morales,Lead,Engineer,Port Jessicaburgh,22,Non-binary
e3c78ca1-e2cf-47d3-b090-a8c3e7474a2a,Daniel Jones,Senior,Analyst,Natalieberg,45,Non-binary
884ad974-c90f-4f89-9fc2-01db39a647bb,Katrina Franklin,Junior,Manager,South Matthewmouth,59,Male
d65684a5-a9c1-44ee-8080-3337036ae558,Julie Williams,Junior,Designer,Amyhaven,46,Non-binary
d57cb8f3-2175-458b-b563-10192a42e76e,Jeremiah Green,Lead,Engineer,Tracymouth,52,Female
1b219c28-2c0d-4f53-8519-c6011ceadf81,Allen Sampson,Junior,Designer,Josephmouth,46,Female
ce05b25b-39cc-4dd1-820c-d1d53304d099,Jamie Yang,Mid,Manager,New Amandamouth,36,Male
02e81784-9a36-4f16-9d7f-854b5d6bb02a,Pamela Luna,Lead,Manager,Nicolemouth,50,Female
cd6b975d-037b-40d0-8ff8-803a53843fdd,Jeremiah Cox,Mid,Engineer,Port Andrea,57,Male
b06b48ef-15dc-4591-80a2-41013b169ebf,Sara Bailey,Lead,Manager,Port Daniel,60,Female
c1737123-493f-42e0-a2df-988ed7f67e47,Sara Ramos,Junior,Designer,New Jamesburgh,55,Male
cde13178-fa9f-4666-827f-91dbf0c62653,George Burke,Senior,Manager,Davismouth,42,Female
23c95a39-0d8a-446c-9ab8-3ea7f531d826,Kenneth Martinez,Junior,Designer,Port Williamside,22,Male
4893dc87-b52a-490c-9c26-4aa1d8a97829,Randall Bryant,Mid,Analyst,Amyburgh,51,Non-binary
4bef05ef-bfdc-4b7d-9d33-4dcb99a66248,Christopher Roberts,Junior,Designer,Port Destiny,47,Non-binary
1d5d6c0a-7b47-472e-be8d-d9f6a3a16dca,Joseph Jones,Senior,Manager,New Lucas,59,Male
e38d54ed-1596-4882-9605-de9f95797264,Chad Flynn,Lead,Designer,New Janetbury,42,Non-binary
145479c3-7fd7-41ba-8af7-a9d28c187d7c,John Nelson,Lead,Manager,Caldwellmouth,54,Female
328c5214-2a50-4c7e-a5ed-fe0a59518f74,Kathy Benson,Lead,Designer,Taylorville,46,Male
0b3f0c01-1df1-4beb-a5a1-8ef8de67640b,Victoria Ellison,Mid,Designer,Acostaton,48,Male
ecb02b58-3d4f-4517-bfaf-7d677dff7792,Mary Gonzalez,Lead,Manager,Lake Stevenfort,22,Non-binary
3115960c-9230-482d-a80e-ce762d99654d,Pam May,Lead,Analyst,New Troy,58,Non-binary
1326f51f-c553-4434-80d3-3070369ec64f,Arthur Powell,Mid,Manager,Turnerfort,32,Female
e854723e-4311-4cdc-8091-02bc4eb4847b,Abigail Grant,Lead,Designer,West Shellyside,22,Male
c760fa6b-6dff-4b27-8d87-c0700d3d05a1,Michelle Vaughan,Lead,Analyst,Christopherberg,55,Male
2fc92251-4e51-4997-a06e-ab6e73c211e8,Tom Moreno,Lead,Engineer,Port Katie,62,Female
f9f56d2f-f808-41b9-bcd0-8a7616cd0e36,Nicholas Nelson,Senior,Engineer,West Michael,41,Male
b7506f29-7fed-4faf-b959-c2ab86b61e23,Tammie Morris,Senior,Manager,Sarahbury,55,Male
650f5aa6-33bf-4c20-956e-94765b224eaa,Caroline Mercer,Mid,Designer,Port Luis,39,Male
0e18b0e6-faf0-41ba-88f0-5f74943f1a2d,Jonathan Payne,Mid,Designer,Lake Jasonport,47,Female
a02abb75-41aa-4f92-9d8c-abcda49f4207,Keith Carter,Mid,Engineer,Martinezshire,45,Female
801a9b18-6f4b-4850-a791-43fe168ff73f,Amber Hart,Junior,Engineer,Johnsonside,57,Non-binary
6cba0aaf-6c19-4781-a1e7-4a76e1a0423e,Lynn Smith,Junior,Manager,Port Gavin,38,Non-binary
1244303d-afc7-4ceb-a99c-f3184d63fffc,Steven Nelson,Mid,Analyst,West Garystad,24,Female
9607af4c-599f-4ddc-b1f1-08ae0390a9fa,Allison Hall,Lead,Engineer,East Daniellefort,39,Non-binary
fe0ed01d-8d2d-4351-8c35-a8e7543869ea,Amanda Clark,Lead,Manager,Kentstad,34,Male
3f8f3866-c7c6-446a-981e-7a15dcd9265e,Erin Smith,Junior,Manager,South Victor,43,Female
c5908f1d-8228-49ec-a1da-4d8465b64e68,Tina Johnson,Senior,Engineer,Lake Keithfort,49,Non-binary
b22d4526-49fd-4ea8-ad94-479ce45403aa,Sean Wilson,Junior,Designer,South Garyshire,32,Non-binary
d33eb481-becd-4a07-81c5-a72428d175e3,Matthew Pitts,Mid,Engineer,South Ashley,42,Female
df52f3cb-fff5-443b-a8f3-7e9526186919,Emily Greene,Senior,Manager,Walkermouth,30,Female
b9eaeac3-a4e5-4f62-b798-f1828e41b2af,Maureen Grimes,Mid,Designer,Torresbury,63,Female
040d6c83-5a30-4c42-bff2-d33c71dabab7,Jonathan Ashley,Mid,Manager,Walterhaven,50,Female
2a69cb2a-e12b-40f4-81a0-5ef1393107a9,Christopher Wright,Lead,Engineer,Bookermouth,52,Non-binary
d48c19d5-5892-4c46-8585-fc2611fbbd35,Stacy Merritt,Junior,Manager,Calvinville,65,Male
11106da4-c1d8-49ac-a830-b50b3feebaed,Mr. Michael Lucero,Lead,Engineer,Sweeneyfurt,47,Female
0520547e-8339-4c66-bd32-15cb00da80b5,Mr. Christopher Carter,Junior,Designer,Josephville,50,Male
17c1a817-d0aa-4abc-8f14-1315386ae7b6,Sarah Oneal,Mid,Manager,Bradfordshire,35,Female
ca36a365-0642-47c9-8f12-804ae9e42014,Matthew Holden,Mid,Analyst,East Ashley,24,Non-binary
c9b5c57c-2d5b-4e86-9dc6-95c1560b0f1c,Amy Gray,Senior,Engineer,Elizabethshire,64,Male
6938ff08-40ca-4cbb-8e1b-d9b50194a836,Alexander Hernandez,Lead,Manager,Anthonyberg,31,Non-binary
d588e37f-6e10-480e-906f-6d39cd536892,Stephen Norris,Senior,Manager,Antonioville,56,Non-binary
4b8cc930-1de8-497c-9d88-d172b6e2cf04,James Villegas,Lead,Engineer,South Chad,51,Female
d65f63c4-ca3c-44fe-87c7-8b51c415be91,Brandy Duke,Lead,Designer,Rebeccatown,55,Female
490ae6ff-93fb-4b2a-8ab0-3b3f5de5c7a0,Alexandra Turner,Junior,Analyst,Carpentertown,32,Female
5a31e253-8583-4a47-be9d-ef51fd95a3f6,Edwin Casey,Lead,Engineer,New Taylorbury,22,Male
229ec428-e11e-4fdd-8365-9c93c2e8ccf9,Tammy Smith,Junior,Engineer,South Nancy,58,Non-binary
11d22401-84e7-41ff-8f47-db4bb60c468f,Alexandra Jackson,Lead,Manager,Mcbridefort,24,Male
efbc7e03-205c-4c14-8aac-25ef900be74e,Shannon Campbell,Lead,Manager,West Hector,58,Female
8ab4a44a-2b5e-41d9-8118-9eb40e1cdd64,Kimberly Wright,Lead,Engineer,Villegasfurt,32,Non-binary
432323ba-f08a-46d9-af6f-fdde172f66ec,Christine Grimes,Junior,Engineer,East Dustinborough,23,Female
f970ef71-3bf3-4410-aa83-5974c446c314,Leah Dixon,Mid,Engineer,Elizabethchester,25,Female
7df402d0-3561-49dc-8738-a4905fdffcb1,Amy Perez,Mid,Manager,Matthewside,31,Male
a7120718-aaa3-498f-8db0-ca190be1cb69,Daniel Blevins,Junior,Manager,Lake Anthonyfurt,62,Female
8d767239-f535-41d0-a59e-c604e47f4d09,Tammy Burton,Junior,Engineer,South Jessica,35,Non-binary
362457be-7ceb-4570-91c7-2ecc900599b3,Brian Kemp,Junior,Engineer,Nathanview,57,Female
9ffe8688-0b9f-47f5-a557-c5a2a125290a,Mrs. Claudia Lee,Junior,Analyst,East Susan,55,Male
d804dac9-cf3f-4708-8965-1da518511ba3,Megan Murray,Lead,Engineer,Lanceborough,61,Non-binary
aa5f262d-87b5-487f-8f2b-b11138dfeac6,Michael Ryan,Senior,Designer,Port Jason,44,Male
0b524dfa-aad1-46fb-a98f-8dbbd12690ee,Scott Hendricks DVM,Mid,Analyst,Matthewfurt,61,Male
3b0f48e9-7c2a-4675-bcbb-e19bb50efa8d,Christopher Owen,Lead,Manager,Sheilashire,65,Non-binary
632f14d6-58a2-4029-b3b7-6d6ebe779f50,Veronica Lopez,Junior,Engineer,Jeffreyborough,29,Male
e06a8716-fefe-4c47-9104-5c814d4153f0,Ryan Lamb,Senior,Engineer,Lesterchester,34,Male
bb672261-ac48-454e-9226-0735c2e5763f,Patricia Gonzalez,Junior,Designer,Port Julie,22,Non-binary
50c513da-9bb7-4a6e-ac00-231e6cca52d4,Tina Powell,Junior,Analyst,Bassfort,53,Male
37f5670b-09d7-41ee-9599-f6de9bcb8050,Dr. George Savage,Lead,Manager,Osborneland,50,Female
d7e9c0ab-cf83-45c6-8e15-5e20ecc476e2,Michelle Lambert,Senior,Analyst,Lake Patrick,44,Male
2c8932f1-e9e1-43cb-a5d4-3f560530ad03,Danielle Wood,Mid,Analyst,Kristinaland,56,Non-binary
36b50a21-7964-4d9b-863b-52db86ebfe64,Pedro Fernandez,Junior,Designer,East Danielberg,26,Male
f3e91121-1c78-4576-875d-5e1ca024f751,Amanda Malone,Junior,Manager,Cherylfort,42,Female
64c76296-02d3-4c70-a39a-6ddb36b146b6,Ashlee Diaz,Junior,Designer,Nicholasview,36,Non-binary
ecfc07bd-6866-4430-9c03-d6c58d13987c,Joshua Gallagher,Junior,Designer,West Nicole,50,Non-binary
2fc6ab6a-ef09-4f41-8c9e-8b05408bb191,Michael Brady,Senior,Engineer,Hallberg,54,Male
db6ea5ad-8fb8-458c-b81d-3b53db270a94,Jennifer Yang,Senior,Designer,New Melissa,47,Non-binary
cf46e2e2-6ab8-4852-876b-0d5b70edf1a0,Sara Mcdonald,Lead,Designer,Coryfort,58,Female
c4a49da1-0d7d-4bc5-9db7-a610dacb4d67,Vanessa Durham,Junior,Analyst,Carrollborough,49,Female
0c3cd6e9-ce6d-4154-bae8-82374dcb792e,Dana Brown,Senior,Analyst,New Staceyberg,52,Female
4e180a2c-d36e-4838-89ac-8362073146ac,Michael Thomas,Junior,Designer,Leeton,33,Female
f5603873-474d-471e-b43f-05322920efda,Travis Hodges,Senior,Engineer,Kimstad,33,Non-binary
b5e82f35-7ba7-4585-a48d-a441460ff572,Adam Cunningham,Junior,Manager,West Jeremyborough,64,Male
873f4a35-b42b-44a8-9436-4d13860a8ec6,Matthew Lawrence,Senior,Manager,Randyside,26,Non-binary
f3ee154c-e2b8-47a9-9048-3bf029bf01b6,Michael Wood,Lead,Engineer,North Lisa,34,Non-binary
c1f3f521-0025-4d03-93dd-c1874015cf21,Jessica Mooney,Junior,Engineer,Parkerstad,26,Female
f2c4b4f6-ff78-498f-9486-27ded7cb9a1c,Marc Anderson,Mid,Analyst,Mooneyton,38,Non-binary
bdccbb5d-eca9-47da-8867-a8cf52be620a,John Stewart,Lead,Manager,Lake Christopher,36,Non-binary
e017752d-5e8f-4369-99de-b889e40bbce7,Katherine Grant,Junior,Manager,Williammouth,51,Male
6b2886e0-1a54-44f1-8733-ca05e5e2452e,Marilyn Stein,Lead,Analyst,Lake Ruth,31,Female
37bae16e-78b6-4f0e-a316-ded1a12376ec,Eugene Mueller,Senior,Designer,Fowlershire,60,Female
b0d248aa-7b67-4998-bdf6-70ec4ab16952,Anna Kline,Junior,Analyst,New Michaelfort,58,Non-binary
07e327ff-5bc9-42e9-a10f-37b9543a1b8a,Christopher Ford,Mid,Analyst,South Annside,32,Female
2f8d50bb-21ae-447e-a6a6-c9c132bd411c,Anthony Lewis,Senior,Designer,Port Mariamouth,57,Non-binary
b836e59e-117e-4c9c-a502-df79a0f61e98,Joshua Benson,Senior,Manager,Mccoyfurt,59,Male
6931e5db-84e0-461d-8c76-55472c44fa5c,Larry Sullivan,Lead,Engineer,North Danielleshire,55,Female
098d3376-3c6d-44fb-8707-42c8720cd22a,Alexander Crawford,Lead,Designer,Loriville,31,Non-binary
28f298be-1608-49e9-be09-9748ad38e39e,Nicholas Farmer,Mid,Analyst,Jorgeton,56,Male
672ab761-9cc4-4441-ada6-952d4735d49b,Ashley Spencer,Junior,Analyst,Hollandchester,62,Non-binary
97d116d1-2ee8-4065-a6de-a34e1c46c290,Gina May,Senior,Analyst,Alanshire,61,Female
f3cdd64c-44db-402d-af35-a24f01cd605f,Jonathan Gilbert,Mid,Analyst,Stephenbury,60,Male
54ac54ce-f665-48b9-96b4-a6a8f784cdaf,Rebecca Evans,Mid,Analyst,Danielmouth,51,Non-binary
e1bd200b-0a89-400c-9504-329a94201915,Kimberly Mcfarland,Junior,Manager,Davidville,22,Non-binary
f0b168dd-55cf-405c-836a-21481738e4eb,Sherri Mathews MD,Mid,Analyst,Boyerchester,27,Male
d90e309d-8d86-48f7-a5d6-30a72a9ea862,Sandra Ferguson,Junior,Analyst,Christopherberg,59,Male
dd684287-dbb9-47e5-ba6f-69dbe1746af2,Anne Wilson,Senior,Analyst,South Todd,63,Non-binary
da7f5c8c-4e4d-47bc-a10e-e3939d33395d,Aaron Evans,Senior,Manager,South Jeffrey,29,Male
ae5a26c3-b395-4d7e-86fe-5f806ad99382,James Berry,Mid,Analyst,Ferrelltown,39,Non-binary
1eb36b58-6302-4a43-9039-752e65a4ceeb,Christian Owens,Junior,Designer,West Lindastad,54,Female
b39027a3-40e1-4acf-a07c-cd6e7b92d099,Kelly Trujillo,Lead,Designer,Barnettberg,43,Male
f037ed00-41a6-48db-9f74-04033ba7f41f,Mark Yang,Lead,Manager,Paulaport,33,Male
c6b71090-c975-4507-82a7-2c79135dd365,Aaron Spencer,Junior,Manager,Port Ashleyhaven,43,Female
c93a45b7-0b0a-4b03-9d86-b8f1b6a49c8e,Nicholas Mitchell,Lead,Engineer,Port Christopherview,23,Female
e78e0f66-9a65-4dc4-a03c-51c9f48cdd0f,Tracy Weaver,Lead,Designer,Amychester,45,Female
797094aa-b6e9-47de-8f9e-a68237aa4d69,Patricia Webster,Mid,Designer,Port Stacytown,55,Female
5c208a72-ee66-4dad-b5fb-6ab5c2df646d,Dr. Dawn Walters MD,Junior,Engineer,Patrickberg,44,Female
38e084c3-6ebb-49da-9a0f-90adabc29b63,Stephen Wilson,Junior,Designer,Port Breannaton,60,Non-binary
3346a32f-b76f-4d2e-9a03-3a6731ddf162,Kristin Roach,Senior,Designer,Meganhaven,27,Non-binary
342464c6-7afc-4e23-8051-d0a838ef9b4b,Herbert Martinez,Junior,Analyst,Tammyview,39,Non-binary
e61f245c-57cc-483b-8d20-f40d4b4867fb,Terry Rodriguez,Lead,Designer,Julietown,24,Female
8de9be19-d2c5-4e3e-8e6c-a8a9b215e498,James Erickson,Lead,Manager,Josephfurt,24,Female
b1d956fb-d589-4ebd-af42-d688ad1d2d14,John Reed,Senior,Analyst,Lake William,40,Male
da17d39b-7a1a-49b0-a242-681707c9e246,Dorothy Woods,Lead,Manager,Snowport,58,Female
d13d6e8c-2e06-42c7-935e-07373e1df639,Tyler Evans,Junior,Designer,Jennafort,25,Female
6a88ef51-a991-49e6-b43c-8966688737d7,Paula Payne,Junior,Analyst,South Keith,49,Non-binary
cf987bbc-f5b3-4494-a75f-08c74f6b4f02,Matthew Finley,Senior,Analyst,Thomasport,25,Male
0aa2ef16-d600-4a07-96c1-1d779cdc73db,Catherine Davis,Junior,Manager,Jessicatown,63,Non-binary
ebac7c9f-8db3-4ba1-a89c-d90ef52a7cf0,Natalie Jones,Senior,Engineer,South Ian,63,Male
1df17933-58fd-4c47-9305-3dd6a0d4d98e,Carrie Taylor,Senior,Manager,North Patrick,42,Female
5fabaef1-a23c-460f-941d-faaa9f097dd9,James Hernandez,Mid,Engineer,Marioborough,37,Female
6da380d5-542e-43e2-8253-d48270a6decb,Jose Orozco,Junior,Designer,Juliaview,28,Male
7180b7f1-2955-4782-954c-dcc76d8c29c1,Jason Jensen,Junior,Designer,Daltonshire,27,Female
bb87c856-a834-4172-a901-b7724813395e,Tricia Galloway,Senior,Analyst,South Scott,55,Non-binary
21535044-50f5-4356-bde5-d964ba5187d0,Angela Romero,Lead,Analyst,New Brianchester,30,Non-binary
3f329149-2027-4e07-a8c9-a8a212625ea2,Danny Hansen,Senior,Analyst,Nolanburgh,45,Female
83f530e8-d01d-43f7-8a3e-b619f18453a5,Nathan Hurley,Senior,Analyst,Willisville,34,Female
0158da62-6b72-45f1-85af-0294305cf62c,Nicole Powers,Junior,Designer,North Christopher,44,Non-binary
7345d27d-d128-43f4-bc73-9b560726da5b,John Burton,Senior,Manager,Juliefurt,35,Non-binary
71b17d78-ecfe-4026-8605-18f6859787fa,Cindy Rios,Junior,Analyst,East Ericaberg,39,Non-binary
fc3942a4-1f5e-4cfe-b663-23577e86286e,Mariah Anderson,Lead,Designer,Craigfurt,39,Non-binary
83bbd9c5-a627-4373-8be8-c4aeb6902db0,Ian Banks,Junior,Analyst,Saraborough,54,Male
6c75c921-6677-4230-b4df-851d0edaecce,Michelle Compton,Lead,Engineer,Daisyland,22,Male
e1c211e8-8923-4ebc-a44f-e570f80afabb,Dana Rodgers,Junior,Engineer,Lake Rebecca,60,Non-binary
34db47a9-5927-4ea8-b028-864fa578e67a,Gregory Patel,Junior,Engineer,Jacksonhaven,53,Male
5f12e367-20bd-4138-8e8f-4f55f79ac83a,Heidi Martinez,Senior,Manager,Castillomouth,23,Female
56dfecd3-f668-47ac-81ae-730cc79759ea,Hannah Smith,Junior,Manager,Jayshire,48,Non-binary
be2f5061-14ee-485e-b347-28846ff37b61,Charles Diaz,Lead,Engineer,Port Denisechester,22,Male
fb53841a-c63f-4cb3-be81-221990845a0c,Martha Cardenas,Mid,Engineer,East Jason,56,Non-binary
768011a0-2178-4f7c-8080-6195d09242a4,Shannon Smith,Mid,Designer,Walkerside,40,Male
4bb85567-6cca-4314-beba-4bf39a686d61,Gregory Holloway,Mid,Designer,South Arthurshire,46,Female
bbad1967-3db2-4a4f-baa4-6a13021b6ad6,Matthew King,Senior,Designer,Carterhaven,52,Female
b2718d48-2a01-49f0-a8f1-0dc49dee43da,Lance Alvarado,Mid,Engineer,East Emilyberg,23,Female
8fda21ab-a066-4cd0-a37b-9621273b9680,Julie Miller,Senior,Manager,Lake Gregory,34,Female
dd087c51-adc3-49e1-bf16-35f933bd7dac,Virginia Perez,Junior,Manager,Carrollville,36,Female
9072f639-13a8-430e-bba1-201a99d1909e,Dylan Edwards,Senior,Manager,Robinsonchester,62,Male
a092077b-f47f-40ab-81f2-11a7f89ad55d,Dr. Jessica Welch,Lead,Designer,Taylorburgh,36,Male
3bbe2279-603d-4103-8ba2-2af2eb16a169,Kiara Flowers,Senior,Designer,Hinesstad,26,Female
147cea07-5389-4244-be38-6ca39a968151,Ronald Hansen,Senior,Designer,South Stephanie,37,Female
4d6e5555-db16-4abe-a65e-44e68cf6f993,Jason Odonnell,Mid,Designer,Tammymouth,36,Female
d8b3083e-8b45-48e4-974c-a50d1fd2335b,Carla Khan,Mid,Manager,Mariaton,52,Female
d5fe19c6-faf1-49e3-83b3-f34d0543e7ad,Raven Baker,Senior,Designer,West Katelyn,58,Non-binary
a55e8f10-b304-4877-8e14-505ecb6af571,Lee Crawford,Junior,Manager,New Kylestad,55,Female
fdec50f0-fc0c-4118-9752-d9789f10ec22,Mary Henry,Senior,Manager,Knoxhaven,55,Non-binary
19edb341-9208-4060-b772-1adb8960ee76,Donna Pham,Senior,Designer,Bowmanport,64,Male
87dcfc50-4ffb-4c72-88b8-84c0d3066dbb,David Brooks,Lead,Analyst,North Elaine,27,Male
2e3bb63e-8796-4d09-96e8-07cc69f18f68,Martha Calderon,Mid,Engineer,Jessicastad,22,Non-binary
4f28c198-bdf2-42c0-b712-1d24f749828d,Jeremy Barr,Lead,Manager,Ricechester,62,Male
bc5b44ad-b3da-46e1-879a-ecc704776e45,Michael Vargas,Mid,Engineer,East Brian,54,Non-binary
8167e6ac-5b63-497f-8b19-75392cbef3f7,Russell Mcdonald,Junior,Designer,Port Bethchester,43,Female
0a336416-2a8c-48a0-a2c1-b66385ea5850,John Meyers,Mid,Designer,Port Christina,62,Female
bd1f8a33-f44d-4a7e-a2da-b30c92659d68,Lindsay Tucker,Senior,Engineer,North Richardfurt,39,Female
a7a3a1a0-3e80-42a7-b5c4-2e35712bed0b,Tammy Green,Mid,Engineer,East Brandyberg,26,Female
d7a4193e-3862-4b16-a66d-5be1c463a22c,Larry Gutierrez,Lead,Manager,Davidmouth,32,Non-binary
bb67ffb4-87c0-4739-9680-fdd11aa1dd13,Ricky Lee,Senior,Manager,Brenttown,32,Female
9abf588d-df74-493f-8d49-ebe8f2fdbc2d,Raymond Kelly,Mid,Analyst,East Gloria,40,Male
165393a2-2525-4a02-9c33-b3cd414d6d70,Catherine Phillips,Lead,Manager,North Saraland,25,Male
1184506d-db9c-4644-8353-30862ad62630,Amber Hartman,Junior,Engineer,Rogersstad,24,Non-binary
350e1afc-66c7-4b6d-9178-6464d2e95c7e,Morgan Hunt,Senior,Manager,Cynthiaville,53,Male
c068832a-86a5-4928-b0d3-97c055534a64,Margaret Holmes,Junior,Engineer,South Zachary,22,Non-binary
0547ef44-5b03-4c29-9abf-3cb38d060efa,Joyce Tate,Senior,Engineer,Nicholasborough,29,Female
ac6c1630-5dc5-49ce-9626-9d88613aefaa,Mr. William Walker,Mid,Manager,Edwardsport,27,Male
f116577e-8ddd-4f88-aa7b-7c8064b43d10,Christopher Mckinney,Mid,Engineer,East Johnside,43,Male
3b5393b9-13e0-47a4-9c48-a7d66fecb99d,Michael Montgomery,Junior,Engineer,Kathrynbury,29,Non-binary
749e1cb6-e090-4239-ae68-b16c4c0dc2f3,Kyle Fisher,Senior,Engineer,Joshuastad,55,Female
5e315dc0-b0d1-416a-9185-63d4aaeeeb1d,Randy Mcclain,Junior,Designer,North Scottview,63,Male
070a18f1-d082-40b3-997e-fb58d95483e2,Tonya Smith,Senior,Designer,Romeroburgh,53,Non-binary
d3b89275-0b36-42e4-8f64-af407ee00d18,Jane Jensen,Junior,Manager,Sandraview,45,Male
2fb4f05a-22f7-4023-9263-6dea27e68c36,Joanna Moreno,Senior,Manager,New Gregory,27,Non-binary
154c233f-3503-43ec-958c-abfeeca6a728,Robin Duke,Junior,Analyst,North Donna,57,Non-binary
2467e676-79af-4147-9ace-d76eef4153dc,Michael Bennett,Mid,Analyst,Kellyview,51,Male
4c275ab2-d637-48da-b06c-27e984ac800d,Donald Russell,Junior,Manager,North Cory,44,Female
07e7c5c9-287e-41ed-a3b2-4a5414065596,Daniel Gonzalez,Lead,Engineer,West Julia,33,Non-binary
bf75dd97-7e3a-485e-ae08-63bb13660500,Jason Pham,Junior,Designer,Lake Brandi,36,Female
e8430d02-7b32-46a7-add8-5b270f4e513d,Kevin Jackson,Lead,Manager,New Josemouth,45,Female
f903b671-0d56-4086-bfb5-b4a05b808ffa,Timothy Gonzalez,Senior,Analyst,Lake John,60,Female
ecfc7462-872e-4f7c-ab58-381910801937,Chelsey Campbell,Lead,Analyst,New Thomas,58,Female
40319d06-6aee-4357-9221-a6b5d2f008bd,Brian Garcia,Lead,Manager,New Donald,38,Non-binary
9a922165-4f61-44d8-87a9-9cc4501e40a1,David Kline,Lead,Analyst,Kellyhaven,52,Female
98ad4f73-bbf6-479e-bc49-4e42acb93137,Richard Snyder,Junior,Engineer,Lake Meganborough,37,Male
f979f26b-6d21-48b5-924e-cf3ca363ab6e,Caitlyn Collier,Lead,Manager,Port Nathan,56,Non-binary
505ece99-42a3-41dd-94c1-e4820761da64,Jane Rogers,Mid,Designer,New Johnstad,54,Female
ceda8687-aed9-4bcc-af9d-00314a5a659d,Ryan Taylor,Junior,Designer,East Heather,25,Female
4686ee2d-0558-4812-8e6b-ed01284b0a31,Amanda Martin,Mid,Designer,Serranoton,49,Female
581e3f24-006c-496e-8ad0-25fb9915354f,Julia Hill,Mid,Designer,West Nina,38,Female
d0400101-8d1e-462e-b56d-8fdb16bb3c7f,Lisa Long,Lead,Manager,Simpsonside,36,Non-binary
9e4f91a4-c540-4687-8acc-76ca20b64ee7,Roy Lee,Mid,Designer,Port Nathaniel,27,Male
ef265c96-4666-4db8-b17e-54fbc77664bc,Claudia Stewart,Mid,Designer,South Robertview,29,Non-binary
33398970-b024-4a82-bbba-c1a2d72932e9,Ashley Brown,Mid,Manager,Robertstad,31,Non-binary
8d702fd9-35fc-4f82-b84b-d6d1f0bd8140,Edward Mejia,Junior,Engineer,Campbellville,52,Non-binary
b7a850cf-f7ae-4b8b-af84-bd4509e8181b,Jennifer Miller,Senior,Analyst,South Gary,28,Female
006c926c-8ce7-4a2a-872a-df01f249a7c6,Carlos Mcgee,Mid,Designer,Port Charlesmouth,29,Female
a48be6b6-17c2-4a6d-b307-f78b17ce81e5,Richard Beard,Mid,Analyst,Emilyshire,40,Non-binary
eb0b6276-990d-4181-b5b9-87afe939dbb2,Hannah Hopkins,Mid,Engineer,South Jacquelineton,24,Male
99edbb75-9f5d-4236-ad5b-e7231c04bb6f,Robert Brown,Senior,Engineer,North April,43,Female
51646168-bc3b-48b7-9108-65c4cf0b88a4,Randall Allen,Senior,Designer,Davidsontown,39,Male
6561f23b-15e1-4662-8610-c54f24019f28,Richard Gomez,Junior,Manager,Guerrafort,35,Male
e9f61c75-5eba-49b6-94ae-00398786c9c1,Craig Wright,Junior,Designer,Villanuevashire,56,Female
1765b15e-a97b-46e5-9fdf-3b32c2452799,Greg Simmons,Lead,Analyst,Floresshire,63,Non-binary
827b9eb6-b426-46f1-9ef0-d9d4d1a6ccb7,Jennifer Finley,Lead,Engineer,Phelpstown,43,Female
8a05bf22-bf11-4833-9e77-4ffedc98ba5b,Michael Hernandez,Junior,Analyst,Thomasfurt,49,Female
febae7d6-0fd2-4a0e-aabb-f82d87e11c61,Mandy Dyer,Mid,Engineer,New Dylanland,60,Non-binary
10477423-119d-4905-b4aa-52a9d1a068e8,Tracy Rollins,Mid,Designer,Lake Michellefurt,28,Non-binary
ac5358d4-af92-46fa-92c6-cfdebb423a4c,Lisa Williams,Junior,Engineer,Damonburgh,32,Female
b45e6e38-7eba-406d-b321-1623b61d3c4b,Mary Molina,Senior,Engineer,Edwardhaven,36,Non-binary
c952caa5-b338-4b8e-83d5-a070dcc2007a,Frank Short,Lead,Designer,North Phillipview,59,Non-binary
dd756241-1784-41e6-8728-080a5673a466,Alexis Garcia,Senior,Analyst,West Stevenport,22,Male
96ac470a-03af-4cb4-90a5-37d00cf00abf,Anna Rodriguez,Senior,Manager,Port Veronica,58,Non-binary
6454cb5d-cf6a-457a-9416-1532c4161097,Christopher Garcia,Lead,Manager,New Annaberg,43,Male
fbeaebdc-155e-4fd1-9eaa-9d987b5383ec,Tommy Gardner,Junior,Designer,Lake Corey,48,Female
1fb224c2-9c72-4b03-b7fa-93b7db41fdbe,Carmen Cummings,Junior,Analyst,Andersonton,51,Non-binary
73ced278-7bf9-43bf-ac34-58c2b3f47a71,Adam Preston,Mid,Designer,West Matthewmouth,26,Female
5315a4db-a880-4e22-8b4e-e053071b026c,Cory Scott,Senior,Analyst,New Sherri,39,Male
0c267a32-798e-4c01-a7b0-203ad8db33af,Lori Matthews,Mid,Designer,West Brandifurt,46,Female
6ee29c85-3c1d-4b06-a320-0f884307d883,Kyle Glass,Senior,Analyst,Masseytown,28,Non-binary
13757499-636a-4639-b9b1-a32b12a833c2,Ashley Mclaughlin,Mid,Designer,Markhaven,59,Non-binary
56575b7f-d867-4afe-ab89-d9126410cc7f,Ryan Mcmahon,Mid,Manager,East Cynthia,44,Male
f3f1b700-4cf5-4180-b4f0-3dd86f36831d,Gabriel Mayo,Mid,Analyst,Port Josephport,65,Male
fc06d5ae-2f6c-465a-af24-3ae533673787,Hunter Reid,Senior,Engineer,Waltonburgh,54,Female
09788956-17c6-4a7a-b842-c9fa9ea88578,Sara Smith MD,Mid,Analyst,South Sara,38,Male
f62a5e80-2ed5-465c-ab79-08bdcde8033c,Kathryn Myers,Senior,Engineer,Mcgeeland,27,Non-binary
1ce0f1cb-805e-40fa-ade3-978b37ce626c,Brian Lawrence,Mid,Engineer,Vargaschester,52,Male
8c366448-a20b-43d1-b7eb-0bd01a493f76,Keith Gonzalez,Lead,Engineer,Ashleystad,42,Non-binary
54805086-81cb-4798-9489-c00fd0eb9cdc,Anthony Keith,Junior,Designer,Amandaton,54,Non-binary
a16fb0ba-7060-4f2f-87ce-10117e7c7a8d,Denise Reyes,Junior,Manager,Kristenstad,51,Female
f3a8a5c2-cf8e-4e05-8ada-e914aa54659c,Suzanne Lozano,Junior,Designer,Lynnmouth,36,Non-binary
1e814290-251c-4117-9dbb-094dcf5e5e64,Ms. Tina Poole,Lead,Manager,Kevinville,28,Male
89332368-3fc9-45cc-864e-e94c72f9ef2a,Michael Ellison,Senior,Designer,Kennethstad,25,Female
404f1dee-7915-465a-8e17-30434dbc56fd,Carol Clark,Lead,Analyst,New Victoriaton,37,Non-binary
386f9e4d-fa37-498f-8f6d-214a7451c2f4,George Rush,Senior,Designer,New Jennifer,35,Female
0afc0232-4542-4679-8400-0291598d3c63,Caitlin Castillo,Lead,Engineer,East Maryfurt,23,Female
4a52e560-b319-46de-988e-8ae3b551fe47,Tim Smith,Junior,Analyst,Jessicaport,61,Female
6014f570-f9d2-4604-aae1-348a37601979,Karen Kelly,Junior,Designer,Kellystad,36,Male
89e6c432-434e-4c2f-bc62-8d9458727707,Sarah Simon,Senior,Designer,Lake Tara,44,Female
a86eeca7-03b2-405a-af0e-9ae53c781bed,Jonathan Stephenson,Junior,Designer,West Crystalborough,47,Male
04b6fd96-9c18-4740-88d3-00445c0cc8c9,Michael Brown,Senior,Analyst,Rojastown,29,Female
6d58a9dd-cbc0-4717-907e-38657fa4f6da,Chad Contreras,Lead,Manager,Lake Daisyburgh,61,Female
874be5d0-1d64-43d0-bb32-8d427a50abde,Miranda Davidson,Lead,Engineer,Boydside,36,Non-binary
b32203ee-50e2-430c-b60a-8a094815107f,Daniel Hall,Mid,Analyst,Port Danberg,51,Male
e39207a2-56b5-400b-9978-b78588337718,Daniel Cook,Junior,Manager,Christopherville,49,Male
7d071783-2679-46cb-a7ff-84cb180ba452,Erika Brady,Senior,Analyst,Port David,43,Male
38366483-4107-47fc-999d-c0f45e1adee8,Steven Underwood,Mid,Designer,West Thomas,40,Non-binary
623e3ce2-87cd-42bb-b224-a0dde4cbdf71,Sandy Young,Lead,Engineer,Benjaminland,42,Male
399675f5-1ca9-4439-be38-a9ae1ac02ca9,Tina Clarke,Junior,Analyst,Jackport,27,Non-binary
08ee2ee8-eddb-4ee1-abf4-32eea18afd59,Shawn Henderson,Junior,Engineer,Yateshaven,23,Non-binary
d71dad84-be12-42d4-8177-78cfb3dd6a2c,Timothy Barnes,Lead,Manager,Millston,39,Male
5d4e40e2-c713-4739-ab30-6446ff356b0c,Lucas Weaver,Senior,Engineer,West Markton,29,Non-binary
7ef32dc7-dbe3-445b-9b7c-2d3a07705c16,Dr. Daniel Hunt,Lead,Manager,North Wendy,50,Non-binary
f266b293-31b9-4d75-9f2c-9344f587641c,Matthew Gray,Mid,Engineer,Zacharyburgh,58,Female
4e414b6b-a858-42ae-b25e-e0520da5740f,Tracy Wilson,Mid,Analyst,North Rodney,60,Male
9c91eebf-4a95-46f7-b774-d9092fd86606,Barbara Wright,Senior,Analyst,North Justinberg,31,Non-binary
72804b19-f732-49b8-aa95-e21f5e881013,Daniel Hernandez,Senior,Manager,West Angela,30,Male
4f62b8ea-69f2-4589-95c5-d8940d4240de,Paul Johnson,Senior,Manager,East Tamaratown,48,Male
5355e950-c729-471f-a7d1-8035e1456acc,Lonnie Evans,Lead,Analyst,East Sharonport,46,Non-binary
e523de29-277e-4c6f-a24c-87bad78f2b54,Michael Morris,Junior,Engineer,Stephenchester,57,Male
b7b81b1f-b7dc-49bf-9635-f6fe05773f73,Katrina Molina,Junior,Analyst,Molinastad,60,Female
ecc87012-5f28-4669-b0fd-31a542b1126d,Samantha Anderson,Mid,Manager,Jillberg,57,Male
61696975-af5d-438e-a138-31b08ef0db03,Megan Martinez,Senior,Analyst,North Dawn,31,Male
db87a72a-21d3-4a0e-8759-d9f43806c580,Valerie Bautista,Junior,Analyst,Gomezfurt,41,Female
a0fcca56-6589-4bdf-a191-28cbcdcc3b4f,William Flores,Senior,Engineer,Lake Rogerburgh,33,Female
4d9e88a5-ee4f-4a12-b2be-243d37185bfa,Crystal Martinez,Senior,Engineer,Jackieview,56,Non-binary
839328cf-6c92-42f8-8b92-f1745707b7fe,Pamela Wilson,Junior,Engineer,Port Annamouth,38,Non-binary
3935f359-b018-4f8e-b648-751d5c656ea7,Jacob Gibson,Lead,Engineer,West Matthewfort,47,Male
68a526c7-1777-4fc2-bc43-850b671f630b,Brittany Farmer,Mid,Manager,New Lauren,38,Male
7483a0b7-7930-448b-99d3-b0511b281c8c,Yolanda Smith,Mid,Engineer,New Laurenfort,40,Female
45f2e107-de02-4bda-83b6-7ab74c59c9cc,Mrs. Tiffany Reese MD,Junior,Designer,Port Danielle,48,Non-binary
655b0949-971b-4009-8ed9-05fc88a539eb,Stephanie Adams,Junior,Analyst,East Donna,35,Male
c805a663-c3cf-4cc2-a8dd-e823e2231b4d,Betty Clark,Mid,Analyst,Morenostad,24,Male
ba9f1c04-780e-4d57-91b4-21ee147d73aa,Suzanne Becker,Senior,Engineer,Port Mitchellborough,39,Female
02bf4c14-98d5-4d10-9d1f-d88611a215cc,Kathleen Davis,Lead,Designer,East Adam,23,Female
dbf2d22c-049b-439d-9cfd-84496ce5ceda,Tiffany Smith,Senior,Engineer,Sharonborough,26,Male
d8c0f8e9-1ed4-4537-8b86-efd1ee6f5426,Eddie Sims,Junior,Engineer,South Jasminburgh,32,Female
bfda79d7-56f9-4522-bcf5-34a7bba45076,Benjamin Kidd,Mid,Manager,Lake Brandonstad,59,Non-binary
ae0e5eab-be81-4975-8a36-1defb54b59bf,Jason Rodriguez,Junior,Designer,New Benjaminhaven,41,Non-binary
9337d749-afb8-499a-8e7d-4906bb4718ed,Chad Turner,Mid,Engineer,New Lucaschester,57,Non-binary
b5a1c269-f02a-4466-836a-11e23e85dc74,Jeffrey Mclean,Senior,Manager,Simmonsburgh,59,Non-binary
292c6934-9393-41a2-b429-d6a589312730,Keith Carter,Senior,Analyst,Kaitlynfort,62,Female
f4238975-7a46-4132-ba53-086ab1d7d4d4,Edward Hernandez,Lead,Engineer,Port Kelly,48,Male
8cf07347-1567-4a86-abbb-74d51c9728e1,Erin Osborn,Mid,Manager,South Jon,41,Non-binary
0140e078-b3a2-4915-92c2-0febda8fe02f,William Moore,Lead,Analyst,New Rebeccashire,34,Male
b5ea7519-9e44-4054-ba1f-3e25a68ac923,Jason Hernandez,Lead,Manager,West Thomas,61,Non-binary
79ab33d6-01fd-4017-9d73-2e20e330a7e5,Sonia Vargas,Lead,Engineer,Charlesbury,60,Female
c2e6c9dc-d50b-4b4d-bc00-7beb3b300d69,Matthew Johnson,Junior,Engineer,Lake Patriciaberg,28,Male
31cbedcc-3688-4b78-a57f-0cc230107567,Mikayla Atkinson,Senior,Designer,West Laura,54,Non-binary
0690b30a-89e0-45d8-99a9-342ba9937b1b,Laura Jimenez,Junior,Analyst,Laurenfort,27,Non-binary
bfcccc05-e059-4cf3-89a2-2ef7fe96b87a,Peter Miller,Junior,Designer,Randymouth,59,Non-binary
b086c30b-c63e-486a-bf9a-2b0db336cd86,Tammy Watts,Senior,Engineer,New Josephton,46,Male
699a9ec3-4b9c-4baf-a88b-9b7261642782,Stephen Solis,Junior,Engineer,Lake Patrick,50,Male
1da72947-6b2d-4e51-8aa2-6cda420fc2dd,Steven Wiggins,Mid,Manager,Parkborough,30,Male
510aaa03-a6df-4ba2-88f4-5c9dcf75e48d,Mindy Phillips,Mid,Analyst,Lake Brandon,30,Non-binary
ba9df25a-2a22-41e4-a4cb-7e3d933958f5,Antonio Mckee,Senior,Designer,South Maria,64,Female
99c04ea5-2b12-4fb6-be70-5b14aa5c8198,Robert Lopez,Lead,Designer,Rodriguezmouth,33,Female
0c385e25-3121-4f0a-9468-df522988dad6,Brandon Ortiz,Junior,Analyst,Port Jeffreyland,60,Male
1dc3f5df-2e5c-4c09-9de2-8f34c885da3c,Justin Lopez,Lead,Engineer,New Robert,31,Female
79329746-7afe-4496-a7dd-1079b2dd2c1a,Michelle Sanders,Senior,Engineer,New Alvinmouth,28,Male
60883b4d-ff9c-4b86-86e3-ae1660701886,Amber Webb,Senior,Manager,Biancatown,46,Non-binary
f6c5a1d5-e9c6-4fd0-a756-9a26b3c5e9e9,Jessica Smith,Mid,Designer,Smithport,25,Male
cc09bf3d-2da4-43ae-a0cf-8da1533e24f2,Dennis Williams,Lead,Designer,West Crystal,60,Male
49fcc460-84ce-430e-8b01-ba1729aa7019,Christopher Scott,Junior,Manager,South Patriciafurt,53,Female
6baa4efa-dbfe-4da5-92f6-5ccb94a97f94,Susan Gonzalez,Junior,Analyst,Lauraport,29,Non-binary
8ff5312f-f629-4e9b-b0b1-2db3d20c84ac,Mark Perry,Mid,Engineer,Pamelashire,23,Non-binary
580eb3a9-88e1-4ee0-8b50-eb105fd8aad8,Benjamin Vasquez,Mid,Analyst,New Annettefurt,65,Male
57e408a1-2f0c-4e42-8019-b48281e71401,Dalton Dean,Junior,Designer,West Adamhaven,53,Female
17da6a05-3256-476a-b33c-91e5fc2d2f68,David White,Senior,Designer,Lake Meganton,63,Male
16dea57e-7095-4520-85ae-3e15a2ee3797,Elizabeth Smith,Mid,Engineer,Milesborough,54,Male
2d96a8b0-478e-4e54-9d9e-212f658b1be8,Stephanie Tucker,Senior,Manager,West William,48,Male
8502a3de-bb87-43c0-a8f5-ba6d1ddb8341,Jacob Martinez,Junior,Engineer,Port John,22,Male
69b90578-24b0-493e-a537-d75b9a7d5cc2,Darryl Diaz,Mid,Engineer,Tracymouth,65,Female
1c423bfd-4516-4e1d-a5ae-c0d1e4686382,Mrs. Dawn Miller,Lead,Engineer,Richardbury,45,Female
b9185c9b-94f4-4a4a-8abf-c8d6f396248e,Michael Ball,Junior,Designer,Lake Rachel,34,Non-binary
2324942c-80e8-47b4-a368-e16f664e3bba,Jennifer Ortiz,Mid,Manager,North Bobby,39,Female
888d2ddb-47b3-4de0-bbdb-065eb3577e1a,Heather Harris,Junior,Engineer,Loriside,34,Non-binary
b93c26a1-45a5-4837-81b3-498b044b7aae,Christopher Obrien,Senior,Designer,Brendaland,26,Non-binary
6486d9f1-022e-4524-a943-18727abc3695,Maria Nixon,Lead,Designer,Foxborough,65,Male
d4989f5f-e72f-4d78-be0b-6600d68a7959,Donna Lozano,Lead,Analyst,Brandonberg,40,Non-binary
a8225614-a1e0-4964-b773-3ca34e01e421,Michael Tucker,Senior,Engineer,Anthonyshire,30,Female
2f2b5fe0-9510-4b2b-a8a4-f10b362ebd45,Ana Barrett,Lead,Designer,Adamsland,26,Male
ed954ada-ab68-441c-910b-d7c9e1160549,Patricia Smith,Lead,Analyst,North Lauren,56,Non-binary
d51d8222-c31c-4c32-b544-b388fcf32f9c,Elizabeth Bautista,Senior,Designer,East Brentstad,42,Male
621e41a3-9fb3-4f22-b24f-35b1219ea960,John Navarro,Junior,Analyst,East Matthew,33,Non-binary
57305054-8ccb-4e9e-9a18-147699188ae3,Susan Shaw,Senior,Engineer,East Sandra,45,Non-binary
7c7d784a-fe09-4b5f-b153-b50abb33cbaa,John Gibson,Junior,Engineer,Victoriaview,50,Male
cf86e2b8-4539-4591-832a-58b7eda3b533,James Murphy,Mid,Analyst,Johnsonborough,51,Non-binary
a4281a42-5dc6-4bf1-ade5-6cd8d562aafe,Kristi Robinson,Lead,Engineer,South Jamieville,64,Female
328836a0-ae80-4f2a-8ee7-c63a3fcc9b30,Michael Herring,Lead,Manager,Mooreside,32,Male
26a39687-5c57-4dc0-9579-a45b118ad831,William Curtis,Lead,Engineer,Jacksonport,51,Male
4eb74c5c-8f42-4079-b4f5-1843b9c19c63,Kimberly Mills,Mid,Analyst,East Anne,45,Non-binary
78f8625d-6a69-402f-9541-f12d1a821afc,Sara Jacobson,Mid,Analyst,North Scottview,40,Non-binary
ba40b221-6d4a-4560-a4e2-882d5e412da8,Nicholas Campbell,Mid,Designer,West Matthew,52,Male
8baaad94-257d-4eaf-a1e0-1a4314759128,Christopher Crane,Lead,Analyst,Brookestad,25,Male
21753e8e-e86b-49f9-b127-3aa04f12be16,Deborah Nelson,Mid,Engineer,Johnsonton,61,Male
5f343e3e-98b5-4bf1-bea5-3c5f8c88aebd,Morgan Clayton,Mid,Designer,South Megan,50,Female
30ac6098-9371-46fe-ba31-3fa671a10bb4,William Roach,Senior,Engineer,Morenomouth,38,Female
b40c9745-39b2-414b-8d75-96c5bc3cf87e,Jake Luna,Junior,Analyst,Lake Belindaview,54,Female
d7eef7d0-5b80-4e3b-8949-9f6c6f87d5b3,Brian Lowe,Junior,Analyst,Lake Brianshire,42,Non-binary
ba21883a-6404-40d9-8344-4ada5545844b,Sandra Baird,Senior,Designer,Hamptonbury,51,Male
bf289f01-9e5e-49c3-9f85-7f16ae11e880,Deborah Jones,Junior,Manager,Chavezview,59,Non-binary
f97d9c37-375d-4917-a66c-a315ae44e23a,Carol Bradshaw,Senior,Analyst,South Allison,22,Non-binary
7b07c24b-b59f-4398-8ad1-10f9ceb391d8,Emily Moore,Senior,Designer,Port Ritaton,54,Non-binary
2a21fdc1-dc1c-4abd-9567-cb5e4199701f,Dr. Christy Woods,Junior,Manager,West James,35,Female
6280e2c9-ec4f-4e58-b4a4-64666515b06a,Aaron Cummings,Lead,Manager,Moorechester,36,Female
e03fb8a6-e641-49bc-ba8b-b2b509ff61c1,Jeffrey Munoz,Lead,Engineer,Mariashire,61,Male
4a8332bf-4653-461c-9dae-31668e8179e9,Mr. Travis Davis MD,Senior,Designer,Robertsfurt,52,Non-binary
3ef5588f-fda1-4286-b273-8bf4e59e912c,Nathan Evans,Junior,Engineer,Tammyland,42,Non-binary
e980d2f3-55ab-4d19-bb73-d286dfeee151,Ashley Sandoval,Lead,Analyst,Kevinstad,64,Male
6a69bf4d-e7f0-42da-9908-a24a42b4b301,James Heath,Lead,Designer,Allenstad,58,Non-binary
d95c1b91-96bb-416e-a5d4-d1567e6fbdc2,Bethany Bowman,Junior,Manager,Crystalhaven,30,Non-binary
7b04214f-0283-4ef5-ba94-99e4c6a48ecc,Kathy Harris,Lead,Analyst,New Kelseychester,53,Female
fcec8501-ddcd-4235-8a25-780160570274,Carl Valenzuela,Lead,Analyst,Lake Jennifer,62,Non-binary
f43e9145-7c94-4a97-9003-29d14a51306f,Angela Robinson,Lead,Manager,North Tyler,46,Non-binary
e3d902ec-1569-4a2e-b8d0-bd003f282a69,Julia Brooks,Senior,Engineer,South Krystal,51,Male
9930e525-5bab-45f7-b020-696f252900c8,Marcus Franklin,Junior,Designer,Port Michaelberg,48,Female
b5520f61-9177-4068-9765-4001c4dfe066,Amy Anderson,Senior,Designer,Watersmouth,65,Non-binary
f1db18ba-317a-4ed9-afb5-3ff01d95d69f,Karen Hernandez,Lead,Engineer,East Denise,23,Female
cfaff508-67f3-4413-bcb9-8f5d6799ccfb,Christina Hicks,Junior,Manager,Rhodesborough,26,Non-binary
42040989-8f7d-46b4-879f-9581e9807eb9,Alex Lynn,Junior,Analyst,Floresside,22,Female
6d350710-9645-493e-ac72-1688f04abc5d,Timothy Browning,Mid,Designer,South Nicholasburgh,30,Female
e5e13b69-451a-4d80-acec-dd2403f6e714,Tina Villa,Junior,Manager,North Carolyn,28,Non-binary
c1f9200b-d168-4736-b12d-9ce7e42f39a9,Tanya Erickson,Junior,Analyst,West Christian,34,Non-binary
05cf96a7-c640-4b69-a5be-6366726803a1,David Brennan,Mid,Engineer,Pattersonside,62,Non-binary
2863a3d8-0843-4e4c-b74b-b0b788153589,Savannah Mcneil,Junior,Engineer,South Lorimouth,23,Female
9e733ad8-88eb-4291-84d4-e842f5b8cbaf,Matthew Ramsey,Junior,Manager,East Jill,64,Female
3e40c7aa-8555-4ca2-b658-af7c7dde3ef6,Raymond Hernandez,Lead,Designer,South Cassandrafurt,42,Female
e787a30c-5da7-4a86-bdf3-8bd0f5c4bb04,Christy Deleon,Junior,Engineer,Samanthaside,53,Male
90d1689d-6b57-4412-a1c1-cd72b84440ec,Paul Jackson,Senior,Analyst,Port Ericaberg,32,Female
c8f1ec11-97d4-4ddf-8d8e-ca691accafe5,Tracie Reid,Lead,Designer,New Laurie,55,Non-binary
d898e7ef-0120-4b59-a037-f3c80af1185f,Ruben Mcconnell MD,Junior,Manager,Foleytown,41,Non-binary
46110844-0492-4784-8ce8-cc86913e6050,Kimberly Ewing,Mid,Manager,North Sharonfurt,27,Non-binary
51cbed17-4ba6-404f-b2be-13641e2755e8,Jasmin Benton,Mid,Manager,Kristinchester,49,Non-binary
5e2fb9f9-3608-465c-a1d2-253100428394,Rachel Vasquez,Lead,Designer,Guzmanville,63,Male
98f549a2-a6be-4421-b82a-abdcaaca8b1a,Kimberly Gross,Mid,Analyst,Leestad,32,Male
4570094b-d364-464a-8b05-70d3ac2e855c,Cindy Jackson,Mid,Engineer,Savannahview,27,Male
27d2990a-aa90-4333-b242-cefabc50d4b0,Philip Weber,Junior,Manager,Sanchezberg,56,Female
445459a4-155a-4e12-a711-d06213425af3,Brittany Clark,Lead,Engineer,Huffchester,48,Female
248ded7d-b3c8-4e84-882f-51ab4f415014,Mary Flores,Mid,Manager,Lake Tiffanytown,38,Non-binary
0a14eb70-1f10-4e7e-9276-4d1d00698a14,Alicia Salas,Mid,Designer,North Tammyberg,41,Female
687c77a7-ed82-44b1-b5bc-73d99345edec,Michael Simmons,Lead,Designer,Hollyborough,46,Male
c6f29f30-6b94-4f1b-9660-7cc8ed28bca5,Kevin Buchanan,Lead,Designer,Nicholashaven,38,Female
6c5c85a5-8c70-42e2-a9cc-977179a10ff2,Jennifer Smith,Junior,Designer,North Brettfurt,42,Female
58e64630-d444-4704-a9ff-3db1254f465a,Kelly Hughes,Senior,Manager,Adkinsfurt,64,Male
597138bd-799a-44a9-aaa7-60b2b85c0fcc,Amanda Franklin,Mid,Engineer,East Joshua,30,Female
a4cdf990-48e3-474e-9e1f-380a10a91b7f,Michael Smith,Lead,Designer,Jacquelineland,47,Non-binary
19dd54a5-0ca8-4d94-8cda-098360977be6,Ian Jackson,Mid,Analyst,West Michelle,31,Non-binary
4ce431dd-da30-4c13-9ff4-cbcb3ac09476,Paul Adams,Mid,Designer,North Christina,65,Female
ab1d2f9e-b968-4ea0-942f-3963dc4672c5,James Lee,Mid,Manager,Ronaldburgh,50,Non-binary
8ff997fa-cf68-429e-9461-5f746d4f562e,Dr. Anna Edwards,Mid,Engineer,Rodriguezberg,60,Non-binary
d2358369-a9c3-48a0-8c3b-fcdbeb699d0d,Allen Bartlett,Senior,Analyst,New Justinside,54,Male
27976239-27ae-4df9-8a03-bd1864ba54ec,Wendy Vazquez,Senior,Engineer,Martintown,24,Non-binary
8823f220-1180-4336-b6c6-f912c8cb4b24,Ellen Rodriguez,Junior,Analyst,Lambview,28,Non-binary
c4d300fe-5550-4572-b1ce-e7fd5de22eb7,Lisa Miller,Mid,Engineer,Robertfurt,58,Female
30506e0f-b1b2-4c6c-bb04-3f72f87691d5,Matthew Williams,Junior,Manager,Lake Tracie,61,Female
375bbdcb-0b31-40a8-9233-5dd07e39077f,Francisco Villegas,Mid,Designer,Kristinmouth,41,Female
64b32d36-f6cb-44a6-b245-e317a6fabc3c,Cheryl Kim,Junior,Manager,Browningland,51,Non-binary
7d8d8153-3056-4455-92d5-75b8d77a3592,Stacy Chavez,Mid,Manager,East Jennifer,53,Female
39407c97-c303-4a2c-b838-63399d646093,Ashley Patel,Mid,Engineer,Burnston,51,Female
de467553-2093-47ef-a440-98a175c2f304,Douglas Howell,Lead,Designer,Henryville,54,Non-binary
51143085-95d0-46e7-97f5-2b1c584af6d0,James Williams,Mid,Analyst,North Ashley,23,Male
c6af8e11-dbf6-4fee-8dbc-ad25938948a5,Sean Davis,Senior,Manager,Port Ronaldhaven,65,Non-binary
0621bb41-4222-4e2b-80ec-22f4db168360,Jessica Wilson,Lead,Analyst,Damonside,32,Non-binary
4dd0f25e-37e0-49df-b7fa-3cc4a32c3ae7,Natasha Smith,Senior,Manager,North Philip,28,Female
3d6e4243-cb7a-4ee8-b13b-6e131ba3d558,William Holland,Mid,Manager,Jennifershire,53,Non-binary
6cb154fd-b154-4abc-9e63-d194442cd18b,Shawn Hopkins,Junior,Designer,Ericport,32,Non-binary
15d501eb-af57-470e-96cb-e7f3e70aff3c,Scott Galloway,Mid,Designer,Port Angelachester,52,Female
a7696eaf-17f0-4e9f-bcc3-2325fcfc6979,Brenda Ward,Mid,Manager,Richardbury,48,Female
814737d6-316b-4ce7-a297-1f7e8d36f406,Angela Garrett,Mid,Manager,Josephmouth,57,Male
61b68c88-fee4-4a68-bf41-5a2e357e9ae6,Jonathan Huffman,Junior,Designer,Lake Staceyfurt,46,Female
71dacdca-64f3-4b16-bcb3-e990e921ceb4,Christopher Barry,Mid,Designer,South Leslieside,41,Male
7f765ba8-0fee-4fd3-916b-f831c123745f,Robert Freeman,Junior,Designer,Port Elizabethton,53,Male
26a5c9c5-e7bb-43c0-85da-8df86cd01aa0,Kimberly Hill,Lead,Analyst,Zavalaview,46,Male
98b5bf48-367b-47f2-b604-49c2500b4cd5,Jon Reynolds,Senior,Analyst,Melindamouth,62,Female
726b7fdd-b033-4438-ad25-73becd87354e,Donald Porter,Junior,Analyst,Williamview,27,Non-binary
21ea02db-c9b1-423a-afbd-182a76a2425a,James Campbell,Senior,Designer,Dickersonside,63,Non-binary
8fe5823a-c789-4b4b-b3e3-f620dad97855,Daniel Haynes,Lead,Designer,Myersmouth,57,Non-binary
0db4fd29-a8dd-423c-8fe3-70ff3b99e544,Gary Martinez,Junior,Engineer,South Michael,55,Non-binary
1c9d5051-1a84-4a1b-b962-97a4a8b7702a,Judith Taylor,Senior,Analyst,South Alfredshire,25,Non-binary
aca817a0-0cc7-4e97-a34b-b9b83f0baa87,Haley Baldwin,Senior,Manager,Port Brianfort,62,Non-binary
2c812706-9e1f-40ec-bfd5-fd397bf66315,Brittany Gibson,Senior,Designer,East Kevin,39,Non-binary
37200553-5d17-4371-b2a2-97a4fa182825,William Martinez,Lead,Designer,Victoriabury,34,Non-binary
411f4436-266f-45fe-9ca5-96068ab6d7da,Lisa Cabrera,Junior,Analyst,New Theresa,57,Female
873eb6a9-5382-4647-bae9-3525b1b01468,Carl Briggs,Senior,Engineer,East Walter,46,Non-binary
3efbbf73-7c90-4320-af65-ecb9b15d87e4,Janet Lee,Senior,Analyst,West Mary,41,Non-binary
919e0b7b-7687-4d71-a6c9-76023faca81a,Eddie Kim,Junior,Engineer,New Heather,51,Non-binary
8cc510ac-3773-43c7-b88f-bfa2d4f4d6d2,Brandon Riley,Senior,Manager,North Timothy,63,Non-binary
3d7fea87-61bc-4a26-b8f5-0aa91191d334,Patrick Miles,Mid,Engineer,New Karistad,33,Female
90561380-236e-4163-ab1f-f81d679e4439,Christopher Mendoza,Mid,Manager,West Kristinshire,33,Female
a329cf67-78fa-4141-a242-82b83b9d4756,Todd Reed,Mid,Designer,Lake Gabrielle,49,Female
077268f3-ac73-4b10-abb5-a8c0d65b091b,Elizabeth Hampton,Senior,Manager,South Bryan,55,Non-binary
cfad2a7a-a470-4fa4-b493-5e09f4addd18,Monica Jackson,Lead,Analyst,Brandonside,44,Male
9c986128-0ea8-4d48-826c-caef54bde293,Edward Strong,Lead,Analyst,Alexisberg,56,Male
2be9e006-55fc-473e-b0ff-06284b54384b,Eric Franklin,Mid,Analyst,West Elizabeth,38,Non-binary
98b1c749-48d2-4900-bbbb-f039d804041a,Cameron Carpenter,Junior,Manager,Jessicahaven,30,Female
a81fdbe8-702c-455c-b858-c53a44ad3272,Alexandria Moses,Junior,Engineer,Nicholasberg,63,Non-binary
848d03f9-5654-4cbc-b451-9fbcfc012c9e,Jonathan Anthony,Senior,Engineer,Brentmouth,52,Male
d9c80598-05a2-4167-8b06-e9ea4bbc82f1,Richard Duncan,Junior,Designer,Howardmouth,40,Male
f4dc8ada-e134-4719-a18c-c48de852d807,Brett Downs,Mid,Manager,Bartonberg,47,Male
c4d7be50-5e6a-4aff-a88d-a8af14f348e4,Justin Fields,Mid,Analyst,South Joshuaport,51,Non-binary
0a546e14-c3f5-4ff2-b4d0-42841dacdbf7,Molly Brown,Mid,Engineer,Lake Nathan,44,Female
e51095ed-578c-41fd-a47c-3d1318f2f62b,Michelle Anderson,Junior,Engineer,East Allisonfort,42,Female
1da15882-6812-4306-a1fe-79b09c1040b5,Joseph Cruz,Mid,Manager,Moralesshire,60,Female
b86d1334-1c50-4f96-8235-9b7711aab054,Luis Wong,Mid,Engineer,Sandraview,24,Male
f7cc08e5-f2c7-4edf-bc2c-a3d68791b67e,Melissa Rojas,Senior,Designer,Mcmillanfort,48,Male
18b6ee58-19f1-46b1-8f1e-657a0cea8058,Michael Mitchell,Mid,Analyst,Dixonfurt,25,Female
43aa5211-2516-4165-bfda-ff4cc73d687f,Seth Pratt,Mid,Engineer,Hawkinsberg,53,Female
b9bff5fa-2ee6-4a17-8f13-3cdaa83cce25,Anthony Johnson,Senior,Designer,Lake Danielfurt,25,Non-binary
ed8c4bd9-b095-476c-bcde-ae7b238453de,Rodney Perez,Mid,Designer,Port Daniel,33,Female
5e87db9c-6f7a-4051-882e-00f26b7f61af,Stacie Lynch,Junior,Analyst,North Kimberlyburgh,45,Female
3e1e7130-12b7-4245-8e90-d07d1b3c2a38,Catherine Hinton,Senior,Analyst,Dorseyfort,64,Female
ffd9feb0-6eb0-4fc3-acae-0c009540aec2,Amy Moreno,Senior,Designer,New Nicoleville,65,Non-binary
70ecb1df-04e3-4729-ad09-6ef810b12eee,Peggy Romero,Junior,Analyst,Port Bryan,22,Male
c68a1472-76e8-42d8-b525-17131ec042f0,Cynthia Gardner,Senior,Engineer,Richardside,65,Non-binary
c4ecf016-6b43-472d-b240-23a1021fb8fd,Alexander Anderson,Lead,Manager,New Jaredside,63,Female
268db307-9f6d-4702-b8c6-9ef4764b2523,Paul King,Lead,Analyst,Melissaberg,63,Female
7e910f58-d087-43b9-9845-c6df8ad805af,Taylor Aguilar,Mid,Designer,New Samuel,28,Female
f2873c98-52ac-4308-bed8-21d69e8fc566,Andrea Flores,Senior,Designer,Andersonshire,55,Male
fd310eae-8937-47b3-906b-a28742db83fe,Peter Davis,Senior,Manager,Barnesview,31,Non-binary
121f428d-20b9-4f07-b893-67bf5058a320,Kayla York,Junior,Designer,Wellsview,61,Female
e0b2c88e-285d-45fe-87e2-0eabef55e83f,William Ramirez,Senior,Manager,Johnchester,62,Male
59b73dd6-3f35-4a0a-933a-fba4db975113,Emily Larson,Junior,Manager,South Manuel,63,Male
6a7e1131-3949-4e53-8af0-cf6321d65d0b,Veronica White,Junior,Designer,Jonathanton,52,Male
158a68bb-ff65-4e46-a685-bfcb0f657e0a,Gene Diaz,Junior,Designer,West Jasonbury,30,Non-binary
9ea7d440-3379-4d3f-bf30-f44a8ff2d38a,Maria Mitchell,Senior,Designer,Lewisport,37,Female
6d529df7-c7c3-44d8-8b8a-5567c9418229,Melissa Taylor,Mid,Manager,Jamesmouth,50,Male
f3556b71-d4fe-4bbc-ba32-8b0469e0f618,Amber Morris,Senior,Manager,West Deborahborough,61,Male
0c0376ae-cb18-4e29-a90e-dab3ebd089d2,Thomas Lopez,Mid,Analyst,Gabrielborough,37,Female
fce8b534-dfd4-4dec-b399-ee898e0b1889,Nicholas Harrison,Junior,Manager,Roytown,22,Non-binary
d0ffb249-39a1-4629-ab21-11c48b56bd2b,Samantha Logan,Mid,Manager,Nancyview,24,Male
8599a5e3-d911-405d-9caf-ba8628d94e4e,Carlos Scott,Junior,Engineer,Stevenshire,59,Male
f9a1458a-0acf-4671-9d6d-d7066cf5697f,Earl Olson,Mid,Manager,Owensmouth,55,Male
6f11888d-72e0-4d0c-996f-147d9d053bce,David King,Mid,Manager,Hollyland,29,Female
3bfe05a0-7003-4d09-80c5-9382e6e38bfe,Jennifer Howard,Junior,Manager,East Pamelabury,55,Female
63048a40-fa9c-4e32-a6a7-634db008d807,Jeffrey Meyer,Lead,Analyst,Lake Christopher,59,Male
d6e68c80-5402-48e0-a108-1e61c586359e,James Davis,Senior,Designer,Davidfort,58,Male
4e2b2943-91be-41bd-8805-6779385f1593,John Moreno,Junior,Engineer,Jacquelinetown,58,Female
b093e219-3ff8-46f6-a59b-07345fec4726,Brett Webb,Senior,Analyst,Jessicaberg,38,Female
76bd96ef-7447-468f-81ac-feac47174859,Mary Boyle,Junior,Manager,Alberthaven,65,Female
104deff7-ff7d-445a-89d0-5f5b0e667808,Tamara Mathis MD,Lead,Manager,East Kristen,30,Non-binary
4ea0b4a9-293b-42af-b850-a1b21ca4ec74,Sharon Wolfe,Senior,Engineer,Port Edward,60,Male
ddd5f408-4293-4b20-96d3-8776c5dc5ee8,Jesse Washington,Lead,Analyst,East Julia,50,Female
f35c4e9c-dc4e-41aa-b2c2-ec7bded21cf9,Samuel Young,Lead,Engineer,New Jeffreyside,65,Male
45dffe86-c36d-4829-b106-b334381b7b2f,Miss Dawn Marquez,Senior,Engineer,North Jeffreyfurt,40,Male
ea44b2f7-b0fa-4c36-ad9e-7854881f6e1a,Crystal Watson,Junior,Engineer,Floydberg,31,Non-binary
8c936389-82bf-4957-95b3-87e6177f6ff6,Courtney Zimmerman,Senior,Analyst,Elizabethchester,63,Female
e637fe8f-4679-4de6-9272-746ace39965a,Mr. John Cook PhD,Lead,Engineer,South Christopher,50,Male
2dddefc5-18fe-443d-a561-71ee4df22117,Isaac Ruiz,Mid,Manager,Mclaughlinville,40,Male
9b2cb9f1-ce83-447d-88ca-b0fa495b455d,Marcus Ruiz,Junior,Engineer,Wilsonfurt,64,Male
a6b7a20f-0c2b-425e-b019-435567094c7e,Charles Allen,Lead,Manager,South Scott,36,Non-binary
bc0a50b4-3d88-42f8-b3a5-032b5afdb30f,Timothy Barker,Mid,Engineer,Georgefurt,44,Non-binary
39454422-265e-451f-8bad-041fa4dccb7f,Kenneth Vega,Senior,Engineer,Lake Karenshire,33,Non-binary
4a72945d-7f97-4ed5-a9b1-51b09818319a,Christina Carson,Lead,Analyst,Berryhaven,40,Non-binary
37012bc6-984a-4390-b7d8-9d330c00daf2,Stephanie Simpson,Junior,Engineer,South Javier,61,Male
20f3bd98-8db9-4c62-a0fb-343af8b83f7a,Sheryl Gonzalez,Lead,Designer,West Angelatown,39,Female
c20a8f8d-cbbc-4619-aae4-c2eb4327218f,Kevin Brandt,Mid,Designer,Beanhaven,33,Male
6d68e35c-dbe9-40fd-bbf6-1c116bdf99f6,Michelle Moran,Senior,Manager,Paynemouth,24,Non-binary
37dce098-12b8-43b0-8dbd-ef686adb230f,Daniel Wheeler,Senior,Manager,New Jennifertown,34,Non-binary
2d45dbdd-2428-48bb-81dd-e87c7f7a1bb3,Brent Lee,Senior,Designer,Merrittborough,22,Non-binary
0844c3ce-fab8-4578-b384-028b25141576,Deborah Green,Senior,Manager,Karenborough,65,Female
b84e4164-9e61-467c-b23f-3f081206534a,Kenneth Hoffman,Senior,Manager,East Jonathantown,26,Non-binary
e4715183-a48b-49b9-80c7-848f3ec965fc,Trevor Brown,Lead,Designer,Herringborough,62,Female
dea1bd5b-8693-4866-b71e-aa11220fa303,Thomas Baker,Mid,Analyst,Ronaldfurt,39,Male
dbafd21f-af49-46c2-b567-96aa887cd082,Michael Gomez,Junior,Designer,Hernandezview,60,Female
0d4235b8-ed44-43e7-b5d1-510e5635ff34,Gary Peck,Junior,Designer,Nicholasstad,33,Non-binary
64eb4d4b-20ed-45c9-a1ec-6d3b511ad7a2,David Garrett,Junior,Designer,North Eduardoville,56,Non-binary
d33fc793-122a-4725-8437-2fe524efc34d,John Johnson,Junior,Analyst,Courtneyside,25,Non-binary
965b39c2-35d2-4303-9ee0-cc902881fe34,Margaret Williams,Lead,Engineer,Andersenland,42,Male
6b79de44-306d-4c58-b3f0-7b2e30542d59,Lisa Lin,Junior,Designer,Lake Sandra,49,Female
abbbf9e4-5af4-4e5b-ba41-2077b5e34994,William Lynn,Senior,Analyst,South Catherine,27,Female
8908fb79-df77-4c91-9ced-f48784566911,Joshua Jackson,Senior,Analyst,Port Samuelmouth,56,Male
9d47f905-55ac-46b0-aed7-d4e62dddd0cc,Gregory Terry,Lead,Designer,New Jennifer,42,Male
ecef5a8b-93ae-4ab7-9533-d9fefa0dbe0f,Daniel Crawford,Lead,Engineer,East Sabrina,44,Non-binary
fe108933-2c2b-4066-88be-1dd06a617bbd,Amy Smith,Senior,Manager,Tanyashire,42,Male
02dac863-5b5a-4b00-a62d-4d28fcdb45c9,Jacob Roberts,Junior,Analyst,East Justin,29,Male
b18c4f42-b8ac-412f-a195-300666313dbd,Gregory Johnson,Junior,Designer,North Stevenmouth,59,Male
d169bb2b-3fd7-4a74-952e-2d7e76c721f8,Margaret Harvey,Senior,Analyst,Raymondchester,42,Male
eabc67a2-1436-4b6f-9bb4-b9a7ec7dc3e2,Edward Estrada,Senior,Engineer,West Richardfurt,41,Male
1c755e88-782c-4661-a5c2-5f8d2d651a63,Matthew Smith,Senior,Manager,Smithbury,31,Non-binary
adadcc2d-f101-482a-8608-6946e5c04f4a,Nathan Cook,Lead,Analyst,Morrisland,26,Female
790d990f-4fdc-4496-9160-cd3710334e77,Michelle Browning,Senior,Engineer,Mcclurefurt,58,Non-binary
8c4232c2-e75f-4ec0-9395-a3c3ba5a7c8d,Jason Johnston,Junior,Analyst,Smithside,45,Male
0d727cd7-ddc0-4645-9635-fb47fbe2a19f,Jeffrey Ryan,Lead,Analyst,Castillofort,43,Female
e10662a6-0b18-478a-8840-7e63a95e91e9,Mark George,Senior,Manager,Reedhaven,28,Non-binary
edcd87ab-12a0-4ebb-98d4-8787de12347a,Lisa Fisher,Lead,Analyst,Lake Deborahburgh,22,Male
afa63ccb-a8cb-4530-9ffe-67dbf2e5a660,Carla Oneill,Mid,Manager,South Jeffery,34,Female
de03b8f7-0eb2-4d73-a9ae-5c2ae8578b33,Heidi Richard,Senior,Manager,Rodneyport,24,Non-binary
fb94fadc-f7e1-4453-b689-afccd74f950d,Holly Martin,Mid,Manager,Seanhaven,43,Female
2d7e755f-922c-4a2a-9726-f8870b885043,Raymond Lopez,Senior,Analyst,Isabellaburgh,54,Male
d4d31933-7f1f-4783-bfdf-82cb96df18fc,Andrew Mason,Junior,Designer,Warnerfort,34,Female
ae87df90-c70f-4264-8cc2-192aae726b09,Julie Calderon,Lead,Manager,Port Susan,47,Female
9e507015-38b3-4462-a437-9d2c89254e38,Jerry Nelson,Mid,Engineer,Ricestad,55,Female
4571655a-2eb3-4530-a4c2-fa77702018d2,Ann Williams,Mid,Analyst,Brownburgh,24,Female
98fe2b51-983d-4fd4-b932-68cd78da2135,Christine Robertson,Senior,Designer,New Becky,58,Male
773b217e-2fd7-4d93-89b0-0c86775b0f3a,Mikayla Wood,Senior,Manager,Landrychester,60,Female
c087195f-b8b3-4055-995a-b7831fd3f3b9,Daniel Coleman,Mid,Analyst,New Stephanieton,30,Male
178310aa-0127-4c77-84b6-d6ed4df9b839,Leslie Willis,Senior,Analyst,Johnsonmouth,56,Non-binary
50b1a1ac-10b9-4b39-a978-93f8f4e578aa,Christopher Howell,Mid,Designer,West Amanda,51,Female
2d3c0575-7923-48c3-be92-3d0897216496,James Harvey,Junior,Engineer,Gonzalezside,56,Male
4b7c293a-9db5-46f3-a3d2-66d082743857,Allison Hall,Junior,Designer,North Jamieborough,51,Non-binary
2aa705e1-4c2f-464f-b8a7-561b5fc3d7e2,Joseph Holland,Lead,Manager,East Heatherville,54,Male
44f8a2b1-59b2-433b-af5e-abae419eaea0,Ruben Reed,Lead,Manager,West Renee,63,Non-binary
198dd8f4-65df-4107-9e80-a64ec1a08ac6,Erica Robinson,Senior,Manager,Lake Mark,52,Male
b106c0f5-bd1e-4c45-9859-68cae9ad2fa9,Steven Potter,Mid,Manager,Sellersbury,42,Non-binary
43d47e55-5492-4fb8-a46e-61ce2f5af968,Mariah Fox,Lead,Manager,Harrisfort,51,Male
39fcb7fc-1f25-4e80-8676-b66da7c2ce2f,Peggy Henry,Junior,Designer,Sharonport,34,Non-binary
6daa5716-2fc8-48ac-9a3f-beb0c3d4f6ab,Marie Huffman,Lead,Manager,Brownbury,33,Female
01933794-b49b-45b8-95f7-331da1336d52,Charles Hobbs,Mid,Engineer,New Kevin,45,Non-binary
a5361686-40fa-429a-b303-6e16b6e592d8,Carlos Rose,Mid,Manager,Matthewberg,56,Non-binary
fb8ff330-3a5f-4dd7-9642-953ff8711537,Mrs. Rachael Young,Mid,Engineer,Sanchezview,50,Non-binary
97375a4c-ec22-4a8a-9ea2-ee689c04f5bf,Robert Mcmahon,Senior,Manager,Samuelfort,27,Non-binary
b25bfb1a-3016-4c7c-9a78-df5cf28f3586,Amanda Hawkins,Mid,Designer,Flemingfurt,64,Female
f9190ed1-bd40-4ed7-a626-246c119307a2,Steven Kennedy,Senior,Manager,Port Marthaburgh,63,Non-binary
c7741c06-0474-416c-b0e8-51863be105b6,Jackie Hall,Junior,Designer,Wrightstad,27,Female
d8676af9-8cd9-4256-9427-75a5780ac76d,John Daniels,Senior,Manager,Jameschester,45,Non-binary
559fdb53-ed3c-470c-92ea-b3259cc0bac8,Paul Silva,Senior,Analyst,North Davidtown,32,Female
4c81b547-96c4-450e-87a2-81c454f2d34c,Emily Wu,Junior,Analyst,Ronniestad,50,Non-binary
7209ad9a-bba5-408d-ba65-9493845c515c,Ruben Mendoza,Mid,Analyst,Thomastown,62,Male
49aa3414-9558-4f08-bf61-75128243e642,Mitchell Ward,Senior,Analyst,Mcgrathview,31,Male
9e9dbed1-e13c-40f4-9213-da352e80e108,Brendan Jones,Lead,Engineer,Port Tamaraberg,46,Female
bd91669c-43de-4d42-9268-eed3ae1a9b4a,Michael Carpenter,Lead,Analyst,Holmesfort,28,Male
e2031aec-5169-4b22-aae0-c39f6b45cd5e,Russell Andrade,Junior,Engineer,Petersonchester,46,Non-binary
ca0bcd43-2e82-4911-b077-316386f3956d,Monica Hensley,Lead,Engineer,Lindseyhaven,49,Male
abe65480-a251-443b-a41f-9cab04b98ea7,Richard Taylor,Lead,Engineer,Port Alicia,43,Female
1cde7e13-e246-4bd1-86dd-65e007a30788,Kiara Bennett,Junior,Engineer,North Nicole,49,Female
45f1555e-b511-4e10-8158-7f035b68f0df,Nathan Morgan III,Junior,Designer,Samanthahaven,33,Male
eae6c806-9f10-44b9-b08f-7b7a05dce203,Carrie Jones,Junior,Manager,South Christophermouth,40,Male
11f019d5-afd4-44ff-b899-8b2e7672c9d5,Darren Beasley,Junior,Manager,East Gina,39,Non-binary
6091e55c-996e-4e3a-aa9c-b601b8220837,Gerald Wilkins,Senior,Designer,Wolfside,42,Female
3ccd1e6f-0b59-480c-adc9-fd35cf54152c,Hannah Rosario,Mid,Analyst,Alexanderville,36,Male
763d0c39-8b26-4c15-945d-965c86f92ed0,Melinda Wood,Senior,Designer,Tonyafurt,32,Female
5bc474ca-b3e8-4460-851e-ee5ade70eb58,Christopher Clarke,Mid,Engineer,South Lauren,32,Non-binary
3466c904-47ff-4ce9-974f-5bda7145e5dc,Katherine Hunt,Lead,Designer,South Kevin,25,Non-binary
1a2b34aa-e165-4e9b-aa24-43c193f4deba,Adriana Leblanc,Lead,Manager,Campbellfort,41,Non-binary
5ce77399-949e-4f3f-89b7-e7c90d38ad06,Megan Deleon,Mid,Engineer,East Micheleborough,32,Female
4c1f4381-d27d-4abb-b6ed-d3e94b684e04,Randy Bryant,Lead,Designer,Kimberlyberg,35,Non-binary
d6f8e510-78a9-43e8-b316-65f2f9f8755e,Justin Rodgers,Senior,Analyst,Saramouth,58,Female
7c43da1a-f6b0-45a4-9f75-ca6399887a1f,Charles Fletcher,Junior,Designer,Port Saraberg,40,Female
3a5d32bc-9256-43a9-bd8d-f30b78d22437,David Palmer,Senior,Designer,West Greg,34,Male
bf89ee15-6a12-428e-b5ec-2c5c12d7aed5,Kimberly Wilson,Junior,Analyst,Port Lorifurt,51,Male
f42e21c7-9002-4d3b-ae0b-4754f3235a7b,Ashlee Stout,Lead,Analyst,South Richardville,31,Male
35c04402-2ec7-4218-ab5c-54961a0cdfd1,Kimberly Paul,Mid,Designer,Cassandraside,49,Non-binary
ec4184e7-1222-45b9-9ac5-2a6d3ed2ff84,Sonya Morgan,Mid,Analyst,Lake Wendy,31,Female
61197606-6a65-4048-8709-1c549e97c41f,Ashley Morrow,Lead,Designer,Port Jenniferport,47,Female
28b32dc0-3dd2-4553-8822-2828905742b7,Rebecca Hubbard,Junior,Analyst,Victorfort,26,Female
a92f50b2-c9e6-45aa-9973-70b205263965,Shannon Gardner,Junior,Engineer,Jeffreyville,36,Non-binary
d2e48bd6-46e4-48e5-b06c-354a3893942d,Dawn Myers,Senior,Analyst,Jameston,52,Non-binary
21df189d-422b-4874-8cc4-5f46541dc4cc,Deanna Morgan,Junior,Engineer,North Maureen,40,Non-binary
b40a2a4a-076d-47be-8016-1291e6cdeaab,Anne Davila,Junior,Designer,North Deborahland,58,Female
ed1696e3-c07a-4a35-8ce2-519512ab5c1e,Jacqueline King,Junior,Designer,West Anthony,60,Male
f5b3cfcd-fedc-4229-8a45-0ba5b46232cf,Cynthia Robertson,Lead,Analyst,Port Emmaberg,49,Non-binary
33a20423-cde4-4025-b673-363c3d9b0199,Brett Archer,Senior,Manager,Port Robert,22,Female
4517590b-f207-4bf4-adbf-6a3f8314bc5c,Suzanne Rangel,Senior,Analyst,South Jadestad,33,Non-binary
3edee750-51e8-4c7f-af82-f1acad6f98ab,Danielle Fields,Senior,Engineer,Robertport,32,Male
30aeb0ac-2453-4ba1-a470-8785e157eaab,Amber Phelps,Senior,Analyst,Ashleyberg,42,Non-binary
e1b461e9-95fb-4beb-86e5-b6b0ae4f8955,Rickey Lindsey,Senior,Analyst,Banksbury,62,Female
c8ed926b-5bbc-4da4-883f-c3d5798cc86a,Leslie Benson,Mid,Manager,Charlesberg,41,Female
5f10a578-a411-4a2d-8874-e1086f2c957f,Joseph Hall,Lead,Engineer,East Caroline,28,Non-binary
75e5b2aa-d48f-4b1e-90de-504d2aafcded,Amanda Hurst,Mid,Analyst,Port Katherine,26,Female
850bdbc5-4d3e-4b3a-82a8-5cbabdd08c12,Robert Michael,Mid,Manager,Caseborough,41,Non-binary
f4eea7d6-d21f-4e94-a424-b5e065df172c,Sharon Ritter,Senior,Analyst,Port Timothy,40,Male
80a72d14-36cc-4b2d-8be8-ee29a5748ca0,Andrew Porter,Lead,Manager,New Ryan,48,Male
ce2f36a6-9e57-47cc-8565-cd8a5e8016aa,Christina Hernandez,Mid,Manager,Port Matthewchester,37,Male
ce07feca-fcb0-451a-b6ad-567ddbee78a3,Tanner Hudson,Junior,Analyst,South Toddmouth,37,Non-binary
a23abfb9-80dd-4e44-9472-63f048cf894e,Ashley Hansen,Mid,Engineer,Stephaniefurt,44,Male
234a82a4-f3a1-43a0-9a27-91a7745a3834,Brian Webb,Lead,Manager,New Shawnport,29,Female
6fcec1fe-d410-4170-9583-43283bdb028e,Elizabeth Gates,Lead,Manager,Howardbury,34,Non-binary
dfc754e3-92e6-41d4-95a4-44b39aae848e,Stephanie Brock,Senior,Designer,Martinton,63,Non-binary
9b5deec3-35a5-42de-8fa2-d8256e7b3359,Katelyn Wheeler,Lead,Engineer,Lake Lori,28,Female
773282c8-4e4f-46f6-b667-bd5fdfa9b1e5,Tanner Williams,Senior,Engineer,Maciasmouth,62,Female
3f3f8a3f-204f-41cd-87ce-06d86102bb3e,Stephanie Campbell,Lead,Analyst,West Amyview,49,Female
2e819e41-e1d8-429c-9390-621c2935d24b,Kevin Lewis,Lead,Engineer,North Katieshire,34,Non-binary
a69680d9-4b4e-479f-ae3d-9aee9209b00b,Cassandra Mora,Junior,Analyst,South Jason,64,Female
da871286-da42-4116-b5b7-b0b515f4aaa8,Troy Crawford,Junior,Manager,North Aprilshire,58,Male
5766de48-e4c6-4b5b-994c-c721405735ac,David Ramsey,Lead,Designer,West Andre,23,Female
257b7f86-c506-45f8-9c80-77675544afd5,Andrew Davis,Mid,Engineer,Quinnstad,31,Female
2adb4362-d179-4c94-bc0d-7eefe4dd142f,Kevin Williams,Junior,Analyst,Andersonton,44,Male
f9d30e76-2b82-423e-8f01-c2129b7bdb26,Joseph Dixon,Junior,Analyst,South Kimberly,50,Non-binary
62c80e60-c335-445d-a922-c8de6272f7ab,Olivia Travis,Mid,Analyst,Lake Josephton,41,Female
4d793800-fe64-4909-910e-41b9480d160f,Thomas Weaver,Lead,Engineer,Smithchester,64,Male
791d1d3f-af72-4243-af17-d6352a70d941,Brandon Daniels,Senior,Engineer,East Shannon,22,Non-binary
6985cd3e-44bc-497d-8550-5950d4232682,Jeffrey Schultz Jr.,Junior,Engineer,Lake Frank,40,Female
1b4a0605-7976-4d13-84e5-2daecd378979,Renee Walker,Mid,Designer,New Kelseyport,58,Non-binary
fc0bb24b-13c9-4ba6-972d-3e5f84f46b2c,Holly Meadows,Junior,Designer,Lake Jessica,61,Female
5a5086c1-2c95-46ac-8f9b-1db0f1ec2324,Matthew Webb,Lead,Analyst,Karenhaven,37,Non-binary
442828fa-9b78-405c-9495-4ac94737a276,Amanda Hill,Mid,Designer,North Kristopher,47,Non-binary
ac89a726-11f9-4f47-bb33-9c397cc9ebd3,Jonathan Strong,Junior,Engineer,North Martha,55,Female
7c605f74-69a5-45b5-8a95-1dc902950851,Peter Lee,Mid,Analyst,Jessicaberg,60,Non-binary
cdae874e-03bb-4323-92ec-cd76a5fa1366,Amber Sanders,Mid,Engineer,Jamesborough,46,Female
72fd86c1-c828-412e-b09f-414548c06e30,Michael Foley,Lead,Designer,West Jacobfort,46,Non-binary
4c5127c2-7e5a-4fc2-b796-072a5f8629ac,Jaime Carter,Senior,Designer,Marksland,38,Male
bc18c3fb-7ef2-4b46-bd3b-0591da8f7d11,Debra Brown,Senior,Engineer,Parkertown,63,Non-binary
f5749959-a1c7-4b7d-ae5c-7b3ed714c10a,Kimberly Perry,Senior,Engineer,Brendafort,49,Female
dfc73fc5-9370-4c89-8ad9-855d4920c207,Michelle Hickman,Senior,Designer,Brianville,42,Male
aa637ad2-e6a9-4254-be81-3d5be3b0e52b,Timothy Lopez,Junior,Analyst,Castilloberg,44,Male
1f2d71f6-9fd5-4b3c-b578-e4ac21abe83e,Robin Vazquez,Senior,Manager,Russellshire,30,Female
bc2f1a11-dc50-46fc-af1c-dd278f052c3b,Emily Jordan,Junior,Designer,Lake Jenny,56,Female
9347bced-f3b7-4561-8fc9-1fdb1083793d,Sheila Lara,Lead,Engineer,Nicoleport,43,Male
8c1ac982-c68e-44e4-9d3f-3e0b56cd5fcb,Felicia Lopez,Mid,Manager,Gonzalesside,28,Non-binary
6ce7c0c9-4330-4f06-a99f-598233336f6b,Nicholas White,Senior,Designer,Melvinchester,39,Male
29ae7bdb-e737-4adc-9f1c-2e84e8d38c74,Allison Diaz PhD,Junior,Analyst,North Jenniferborough,63,Female
6aa59f1e-2d51-48bf-b71c-8bbcb4125f09,Anna Rivera,Mid,Analyst,New Barbara,58,Male
75c835f0-b473-4b17-bfa6-f80425ba8283,William Green,Lead,Manager,Johnsonbury,28,Male
6207513d-3e01-49b1-9206-e662e7f2969d,Russell Gregory,Junior,Engineer,Barrychester,47,Male
8da1ec13-540b-4f5d-9eda-15cd595707b2,Denise Jones,Lead,Manager,South Monica,65,Male
00b1807a-5271-41f1-b895-5f327ee990ea,Angela Walsh,Senior,Analyst,Lake Nicholasshire,38,Non-binary
ab7b994f-64a5-4431-83c8-3062a10ac1d1,Sarah Harris,Lead,Designer,South Jessica,60,Male
a836b055-1a76-41b9-9aa0-5fe9e94d5e39,Christopher Turner,Senior,Manager,Wilsonside,35,Male
0bf370e6-c675-49d9-82ca-5e74553727e2,Julie Thompson,Junior,Analyst,North April,57,Female
dba0f15c-15ed-4b3d-a052-e3adbdfeaf73,Seth Woods,Mid,Designer,South Jasonmouth,43,Non-binary
eac21e0e-ae13-4126-87c1-db2d7e968bc5,Sara Brown,Junior,Designer,Port Rodney,61,Non-binary
bea5584a-e27f-4026-8012-8c5c555323e1,Jessica Roman,Lead,Analyst,South Karen,65,Male
5d09c29a-a1f5-4470-b8f5-eb0633a17e0b,Courtney Vaughn,Lead,Analyst,Brandonmouth,47,Non-binary
e29ebf0c-587c-49de-93a6-eaf65108a9af,Danielle Smith,Mid,Manager,Floreshaven,29,Non-binary
12f06935-42da-49bf-9fce-66fea5cf13bb,Rachel Flores,Lead,Analyst,West Kelsey,25,Male
3e7ac5ff-2d0c-49d5-975a-685cb186d80e,Justin Jefferson,Lead,Designer,Mccoychester,56,Non-binary
6d0e859a-820a-45c3-b2b2-b82a530492cd,Brooke Rodriguez,Mid,Engineer,West Cassandraberg,47,Male
77e792b7-8f98-4ee7-b728-56e55c6596c7,Jordan Fletcher,Junior,Analyst,New Melindabury,34,Female
123bfef2-62bf-4356-9d10-a448f8a1c069,Samuel Perez,Senior,Engineer,Port Laurenside,23,Non-binary
48136c44-527e-4938-8702-dcb5e5ca34e0,Manuel Harris,Junior,Engineer,West Jenniferstad,30,Female
9b352296-2c04-452b-85b9-bacf6e66aaa1,Nicole Moyer,Lead,Designer,Onealview,29,Male
078192a5-a53a-4c19-954a-f87e1654a509,Kelsey Lawrence,Junior,Designer,Apriltown,55,Non-binary
c809886b-3a12-4489-8995-1315a846c613,Richard Richardson,Mid,Designer,Ashleyfort,31,Non-binary
d2902878-3b3a-4df3-967f-fc28742caff3,Larry Gibson,Junior,Manager,Henrymouth,31,Female
e906374f-8464-4b36-92d4-0f325686fc60,Angel Collins,Junior,Manager,East Elizabeth,26,Non-binary
2a336404-cc86-43e5-961e-11728cfc7a37,Ronald Clarke,Senior,Engineer,Port Diana,49,Male
e1cef37d-5ed9-4ef0-a3b1-8d0d6677d040,Robert Adams,Mid,Engineer,Wilsonshire,27,Non-binary
dd7497f4-b5ad-4926-9bf6-55affbd97b13,Brianna Davis,Senior,Designer,South Alan,26,Male
f5f69d29-ae46-41e8-bea2-9bd74882c96c,Mary Hopkins,Lead,Designer,Reneeview,22,Non-binary
caca0932-c8e3-4def-babc-c14a52b59447,Catherine Chavez,Junior,Analyst,West Steven,50,Non-binary
282ff65e-f8c5-47c2-8554-30fab0b1e2f0,Gloria Costa,Senior,Designer,Garnerfort,59,Female
e18c3ccc-16d1-4eb0-a33d-04c0b31f50a6,Andrea Ryan,Mid,Designer,East Jeffreyland,22,Male
70a84b15-6ec3-456c-ac60-4719070ea516,Nancy Ritter,Senior,Designer,North Tylerport,30,Male
2cac57b1-25aa-4a25-a948-343eefafa9e1,Robert Armstrong,Senior,Analyst,Prestonport,30,Female
f11b8b46-0981-46e5-b559-3b3217118422,Maria Harrington,Junior,Designer,Ramirezmouth,65,Female
ca44a3ec-8625-472a-be7f-c5d5df3e6f2c,Nicole Lopez,Lead,Engineer,Lake Patricia,36,Non-binary
e3060954-6359-4986-877d-d2f6b6385ce8,Debra Gibbs,Senior,Analyst,Lake Briantown,25,Male
97c24072-dc5b-40c8-861c-012b61742aad,Richard Noble,Mid,Designer,West Brianburgh,26,Female
4605fc6f-e31f-4675-b0df-594cefa74538,Juan Travis,Lead,Analyst,Lake Jennifer,50,Male
ce58f49e-0cbc-42b2-8f10-4255a1e0ce65,Theresa Smith,Mid,Engineer,Smithmouth,56,Non-binary
f2fedde2-fd35-4618-ad5e-5bab95af7068,Michelle Jordan,Mid,Manager,Jamesmouth,24,Non-binary
b2eda842-64f1-446f-b37e-b813564857d2,Joel Little,Senior,Manager,Jimenezhaven,40,Male
39b37b62-372e-43e3-aac8-7dc4dc759c4c,Ronald Jones,Lead,Engineer,North Karen,56,Female
c30450c3-14b1-4163-87f2-f997ef7caef8,Michael Campbell,Mid,Engineer,Johnview,47,Female
95df5f92-604d-493a-921e-59da7659bf19,Michelle Medina,Senior,Analyst,East Ryanberg,37,Female
0b739c48-638b-4352-b8ff-af610284e890,Jill Thompson,Mid,Designer,Burgessside,23,Non-binary
f98842fa-7022-4857-bccf-0e47fd131d58,Adam Ross,Lead,Engineer,Robinsonchester,55,Male
328b940e-4eca-41af-b938-d48fc210cd47,Adam Wallace,Mid,Analyst,South Edwardburgh,39,Non-binary
e199d426-c97a-42da-8c00-8e5cef253bfc,Richard Ortiz,Junior,Manager,Josephmouth,34,Non-binary
a54b4452-11ae-4268-ab2b-a01ef374fed2,Nicholas Benitez,Junior,Manager,Port Brentchester,24,Male
677f0fca-0729-4ae2-bfdc-cbae1d686ab2,Michael Mathis,Senior,Designer,New Amber,57,Non-binary
a91479d4-75da-47c0-a71c-a8d666057a5a,Catherine Evans,Lead,Analyst,East Sarahmouth,62,Male
07adfaa0-6af0-429e-9cae-53a212e412cb,Mary Owens,Lead,Engineer,Chapmanton,40,Male
c1184879-76c3-463b-9f73-626b3901b093,Maria Williams,Lead,Manager,Crawfordfort,47,Female
dbcc08e1-a653-48a9-a194-2fc1507922a6,Andrew Hodges,Mid,Designer,North Jodi,47,Female
da85a973-ac56-46f9-9893-dd0c6288be84,Ruben Brown,Senior,Engineer,Angelaberg,38,Male
4cfcb7bc-8b79-4f6a-94fb-66e61bfbb005,Robert Jackson,Junior,Manager,Pattytown,59,Male
4917eb7b-465a-4eb3-b960-01d6325e61cd,Nichole Sanchez,Junior,Manager,Lake Nancy,41,Non-binary
c8ca751a-8ae7-406b-b89e-caf5f89abed1,Stephanie Robinson,Senior,Analyst,Deborahside,45,Male
db56096e-3f8d-4fac-9952-3ea9aa86f02a,Gregory Browning,Lead,Manager,Leemouth,40,Non-binary
0065eda2-54c4-4f2f-b8af-c7e7f2f30d0c,Candace Coffey,Senior,Manager,Lewisville,56,Female
51736610-2633-4145-9874-c019e47060d6,Brooke Rasmussen,Lead,Manager,Thomasstad,22,Non-binary
86f3dc06-2063-41c7-a93d-3fa74fe6eaee,Michele Kelly,Junior,Manager,Santanaton,30,Female
45f616e5-1cfc-4466-90b0-a711f366ef0a,Michael Walker,Senior,Engineer,New Kristi,24,Male
1035db22-69d3-430e-b6b8-faf6e0cf62d2,Victoria Ortiz,Junior,Manager,Lake Richardville,63,Male
89cbd919-7731-4300-9382-287975ac241a,James Brown,Mid,Engineer,East Adam,35,Non-binary
e597061b-c0cb-4aa6-b8c3-83566c769ea0,Bruce Hunter,Mid,Manager,Yeseniaburgh,53,Female
b18d4e15-d2bd-4ddd-98ad-c02a433e711b,Justin Brady,Junior,Designer,North Nicholastown,42,Non-binary
fa078be2-b3cb-4938-835f-ba6e144edd98,Chelsea Adkins,Junior,Engineer,Nicholasville,39,Female
a285236d-5188-4dc0-9b7f-de2d552f59b8,Aaron Jones,Mid,Manager,Annberg,39,Male
0b848926-3485-46aa-9dc8-00c07f700f0e,Brandy Burke,Senior,Engineer,North Jamie,41,Non-binary
f974fcea-e5da-4791-b899-c39aaccae454,Eric Schroeder,Junior,Manager,Martinezhaven,45,Male
b05ec3e5-2332-435a-8250-fc1c69efdcc1,Paul Myers,Lead,Engineer,Brianburgh,46,Male
89b4f521-4d0c-41ea-952b-449e6e18668c,Matthew Taylor,Mid,Manager,Jacobview,43,Male
31f2a5ce-b56f-4892-b73f-80ef259444c1,Heather Atkins,Lead,Analyst,South Brandonburgh,49,Male
8eb20a2c-b272-4642-bf67-e71546869015,Kenneth Guzman,Lead,Manager,Robersonfort,58,Male
57906363-e59e-4b74-91aa-94c9b7290187,Dr. Erin Mckenzie,Senior,Manager,Thompsonberg,22,Male
8828f798-901c-4da2-96ef-859f2e8ea9ce,Eric Adams,Lead,Manager,Michellemouth,53,Non-binary
2fd10f42-a320-403c-8181-b679316d9c1f,Dr. Dorothy Logan,Senior,Analyst,Juanville,46,Female
86dd3bd4-a979-44f9-8156-dae4ab9ed693,Kelli Cervantes,Mid,Manager,Lake Jamesfurt,65,Non-binary
a00e2356-e82b-4415-a1bb-071efd6e3321,Natasha Martinez,Senior,Designer,New Heather,59,Male
bbd0b6a1-bdd5-44f5-8c30-2b4a052dc4f7,Alexa West,Senior,Designer,Lynchton,42,Male
c1c05c23-46f2-47a4-9ed0-6bbbbb6664e3,Christie Austin,Junior,Manager,Lake Larrybury,36,Non-binary
444ef064-0ea6-45fa-ba81-7578ea0d2068,Rachel Morgan,Senior,Designer,Powellside,38,Female
50685fcc-3188-4cc5-b35a-75c3e8a3017a,Timothy Aguilar,Senior,Engineer,New Jefferystad,24,Non-binary
467ee234-7d65-4d70-a8bc-36d2c4d87fd6,Stephanie Berry,Lead,Designer,West Glennville,23,Male
d8211483-8e0d-42f1-b629-fe82cd8a083e,Amy Lopez,Senior,Analyst,Dawsonchester,59,Non-binary
9ff75b82-e0b6-4c4b-8e6e-7dc6e6e20775,Rachel Taylor,Junior,Manager,Timothyport,58,Non-binary
d020a61f-b4d9-4624-84bf-31921ddc5b9b,Vanessa Ramirez,Mid,Engineer,Angelicaview,59,Female
d1fbb8b5-aa9f-4982-829f-e8a62704e632,Kelly Webb,Mid,Manager,South Elizabeth,50,Non-binary
c94c98cc-3c0a-4727-9e06-b90c3777495e,Jessica Jones,Mid,Designer,Daniellestad,50,Non-binary
ee91fd97-74eb-4977-95af-21cbdf349dbb,Theodore Jones,Senior,Engineer,Angelaville,36,Non-binary
19c291d8-a734-47a9-a6c9-d72a958efc11,Corey Conway,Junior,Engineer,Tranhaven,57,Non-binary
5bad7db6-1ae7-4e14-bb99-398d3be9f88a,Bob Johnson,Senior,Manager,Port Julie,23,Female
206a81d2-2ea5-4889-951e-4f25e6ce7103,Erin Preston,Lead,Manager,New Timothyview,34,Female
18230cec-10f4-42be-99d9-66321eb0c4ad,Thomas Banks,Lead,Engineer,Johnstad,59,Female
a64fe92d-a1f1-4d8c-aa36-7a32ff36ba86,Justin Hernandez,Junior,Analyst,Port Sara,55,Non-binary
1bfa26de-4b41-424d-b687-7feb5812037f,Robert Johnston,Junior,Manager,Kristenville,64,Male
7eca8d81-e025-4745-83d4-b502066c0376,John Gregory,Junior,Engineer,North Samanthamouth,27,Non-binary
6ac09570-5637-4436-b017-ccfb0089300e,Michelle Robinson MD,Mid,Engineer,South Elizabeth,24,Female
d11229fa-1424-4ecc-99de-969c59830d37,Adrian Matthews,Senior,Engineer,Caldwellville,40,Male
68f888d8-cc19-4114-9a4c-bd5effeb4c63,Cynthia Walker,Mid,Engineer,Ashleyshire,51,Non-binary
e8d44179-a0f9-4b94-bc0c-04b29f10f89e,Laura Johnson MD,Mid,Designer,Wardville,44,Female
5284c048-8963-4ad0-914d-82f7fc4882a9,Mark Schmidt,Senior,Engineer,Carterfurt,28,Male
641fbabc-9e4f-4b9e-9197-6c4ac4f4772f,Ronald Dillon,Mid,Manager,Velasquezmouth,55,Male
e338c942-5208-452a-aad6-4406708a95ac,Kristin Nelson,Mid,Engineer,East Matthewfort,38,Male
c109e9d9-8ca2-41cf-986e-ee58f400ff3f,Emily Barnett,Lead,Engineer,East Charlesburgh,30,Female
2765c2ad-623e-4490-9faf-4f7ac22a9815,Michael Ortiz,Junior,Manager,North Christinafort,40,Female
2b4dce0a-b656-4005-8711-0fb3690d9454,John Cooper,Junior,Engineer,Michelleton,39,Non-binary
66b09119-b580-4c0f-b159-ad7c1cdf6777,Shane Marshall,Lead,Manager,West Billy,42,Female
961c9572-64a3-4164-a8fe-5304caf57393,John Douglas,Mid,Analyst,Powellton,48,Female
38b504bb-28d3-4eed-9dd0-fcbce34b54af,Rebecca Price,Junior,Manager,East Annettechester,54,Male
f52cc995-09c9-4e8f-87f9-2b00205aae07,Shane King,Senior,Engineer,Johnport,53,Female
aa5bfff7-24c1-4d7f-b131-36532fea1ca2,Brittany Wilson,Junior,Designer,Port Marymouth,38,Non-binary
327fc52d-26f4-4bcc-b83c-5f05ed12786d,Megan Robinson,Mid,Analyst,East Johnchester,52,Female
e88ad7be-c54e-45b4-8137-a5583cd3a33b,Ryan Haley,Junior,Designer,Frankview,30,Male
6f319fa4-3b53-4e63-a0bc-0a3d806a51e2,Kevin Lynch,Senior,Manager,Wendyland,62,Male
c0c84a59-70e8-4f5d-b75d-443331903237,Kayla Ryan,Mid,Designer,Wilsonburgh,63,Non-binary
b522968c-2f09-4879-9b59-9a4e48c3c49e,Cassandra Edwards,Senior,Designer,East Dylanton,58,Male
faf5eec5-5920-4273-8968-d7b65a66d831,Holly Lee,Lead,Designer,Bryanfort,62,Male
ab1f96c6-a679-42ce-8f90-15f02b87b557,Christopher Romero,Lead,Analyst,Benjaminburgh,30,Non-binary
c2a20702-3f49-4a6a-94d5-875b4faa2343,Drew Jacobs,Senior,Designer,New Christineborough,41,Male
9c8433c0-65df-4d56-8e23-574e7a5c0243,Danielle Park,Junior,Engineer,South Megan,24,Male
50658f63-7177-4a50-a796-b5201f5529ac,Robert Bass,Mid,Manager,Port Brian,59,Female
e1b21fc2-a0ba-46b3-8c0d-0f359e88baad,Jessica Rodriguez,Mid,Manager,Lake Kimberlyton,61,Female
27d01814-b3ce-4ce2-879f-33e5a7710af8,Michelle Smith,Mid,Manager,Lake Douglasfort,34,Non-binary
6e26fb84-de31-459d-93b5-2fdd013810af,Jesse Robinson,Senior,Designer,South Emily,30,Female
af83361c-300f-47bc-be06-5833f349c4ac,Kimberly Hill,Senior,Analyst,Gonzalezstad,63,Female
fd4528b4-d4da-4160-a9ce-4b9069892437,Tony Stevens,Lead,Manager,New Scottfurt,23,Non-binary
90b913d0-ae0d-46f7-bbf6-c95e7976118b,Scott Tanner,Mid,Analyst,Huntland,30,Non-binary
0c83ee4c-b254-4042-9f1f-f4a62c45e7a4,Megan Moore,Junior,Analyst,East Rhonda,52,Non-binary
367864ef-71e0-405e-813e-2308f311a6e7,Alexandra Garza,Junior,Designer,East Jason,45,Non-binary
cfe66759-ab0d-41ff-874b-561844fde926,Tammy Serrano,Lead,Manager,Suarezstad,42,Female
b0ab0e91-13f0-45d3-ad21-e558ded03b31,Alexandra Singleton,Mid,Engineer,East Matthew,26,Non-binary
04823f28-f757-41d4-8e45-66eae4bf3833,Robert Scott,Mid,Engineer,Wesleychester,48,Non-binary
30e2d703-f342-441b-8ce6-c1a323e630c1,Shannon Edwards,Mid,Analyst,Daviston,38,Female
2c92b6a9-b2c6-41b7-9deb-215f34918443,Howard Williams,Lead,Analyst,West Patricialand,53,Female
459f8675-7c20-483a-9fcf-c11b75bf25c2,Megan Morris,Senior,Engineer,Port Hunter,65,Female
8c309ca4-c914-4b4f-ae66-038ea8b1786b,Robert Bailey,Junior,Designer,Adamville,35,Female
3f53ab84-9e74-4bdc-9c0e-f07c6a7f160d,Veronica Clark,Senior,Designer,Maryport,61,Female
43f84875-cd8b-4946-a6b8-5b6815394397,Samantha Jackson,Lead,Manager,Walshview,36,Female
bfee17df-f696-4c21-b7b3-394057ef4a0f,Justin Lester,Mid,Engineer,New Rachelbury,64,Male
1d3b95a4-28b1-414f-ba20-08922731c0a8,Jeffrey Graham,Senior,Analyst,Harmonton,64,Non-binary
da914c43-a6b6-417c-843e-d3421d865fe2,Jason Thompson,Junior,Engineer,Harrisonhaven,49,Female
8dc01987-f181-4011-a4c5-a64a8ff97237,Andrea Schmitt,Junior,Engineer,Reynoldsview,40,Male
05d6e53f-5d09-4d06-b9a4-cc250f29e2aa,Dorothy Velez,Senior,Manager,Deleonstad,41,Non-binary
738f774a-41cc-4b31-9d6f-6ece7b789973,Felicia Martinez,Junior,Designer,Pricebury,22,Female
aae2c676-411a-42b5-803b-c4bdfcb0ba71,Daniel Burgess,Junior,Analyst,Port Andrew,30,Female
1174e387-4627-4072-8ba3-84e8a1559c6a,Eric Duffy,Junior,Designer,Brandonberg,61,Non-binary
ec2c2a55-3d60-4946-b5ad-a3f678eeef77,Sara Myers,Lead,Manager,Lindaville,47,Non-binary
d48db556-6b8a-4e7a-83c8-3e569ab55bc9,Patrick Hogan,Junior,Analyst,East Frank,49,Female
1aeaf84b-e8cd-420f-8db6-652715bf011c,Cynthia Hernandez,Mid,Manager,Markfort,63,Non-binary
8c8314fe-a665-4139-a946-d39bb6055a78,Denise Wall,Senior,Designer,Colemanton,57,Non-binary
d0df4dba-3218-4d99-9603-7d788f6d9ab0,Nathaniel Bentley,Senior,Engineer,Connorhaven,27,Female
caa774e8-b51c-466d-8e73-7b76fe14aaec,Robert Thompson,Senior,Engineer,Scottville,61,Male
568edf31-d2e6-4da8-b688-df593e73c427,Colleen Miller,Junior,Designer,North Jacobhaven,44,Non-binary
d5b7b445-870c-4bfd-8093-009790f898cc,Alicia Myers,Lead,Manager,North Larrymouth,57,Non-binary
090666bd-147b-4b76-bd6d-165c56cc10c5,Peter Sanchez,Lead,Manager,Gordonville,44,Non-binary
1ec20674-79f7-417a-a8a9-fb5ef3b8330a,Crystal Brock,Mid,Engineer,Marioborough,58,Non-binary
2acd3164-110f-4495-9c89-6005a4aea764,James Mccullough,Mid,Designer,Lake Laurenborough,43,Non-binary
f5d363dd-893d-4eb2-8c82-358ca457bcd9,Daniel Rangel,Senior,Analyst,New Darleneville,59,Female
20985a87-e60d-4b2c-9a30-650d14d5f31e,Alice Solomon,Junior,Engineer,South Andrewbury,56,Female
a8074273-89e9-4bc2-8216-c56f63585b7d,Joseph Williams,Junior,Analyst,Port Christophermouth,63,Male
2e8fcc09-7579-4433-be9f-39b73efe4236,Patricia Brady,Junior,Engineer,Port Saraville,44,Female
971d782e-f002-4332-a0a2-134efae1ad01,Kelsey Wolf,Junior,Analyst,West Stacyton,53,Male
48a7a658-a3c0-4698-b36f-4252f8636ca8,Paula Oneill,Mid,Engineer,New Lindsaytown,38,Male
3c7c1884-3fe8-4dd9-887b-2519af863dae,Danielle Mendoza,Junior,Analyst,Frankland,26,Male
f4c10f28-0891-4d20-9416-8ff39134bd45,Alexis Camacho,Lead,Manager,West Kathleenchester,28,Male
94d77239-9cb1-4a3b-938a-d2bf1df840d8,Tiffany Pena,Lead,Engineer,Brittanybury,26,Male
7349b5da-fb2a-4ed3-bdeb-3d5effa12563,Sharon Garcia,Lead,Analyst,Port Adamburgh,62,Non-binary
0e032878-b95e-4044-b06c-b74b7e8fdb6e,Elizabeth Miller,Mid,Engineer,Johnstonshire,23,Male
54966cf6-9e69-4342-8093-5c977df75dbb,Charlene Haynes,Junior,Analyst,Port Cameronberg,63,Male
708a347b-a290-41aa-98d4-fe42e274f7c3,Sandra Bryant,Lead,Manager,Silvaview,56,Non-binary
e0ba6f56-e820-484b-bb6d-dc5424dc192a,Richard Blair,Senior,Manager,Johnsonhaven,57,Male
be6fa3b0-74ad-46af-b2c7-a49d15d0d839,Donna Oconnor,Senior,Designer,South Donnaland,55,Female
08569b79-8368-446e-94c2-d7a5fccf1ea9,Timothy Espinoza,Mid,Analyst,Port Kellymouth,40,Female
e72f813e-a739-4519-9a67-b6fe5c8fdbbc,Krista Pierce,Lead,Manager,Jamesstad,61,Female
909c4e5e-e638-4527-a303-4580ab1c01ba,Laura Stein,Lead,Engineer,Wilsonmouth,42,Male
88f551ec-95ef-4e28-a63f-5044ecf97ca7,Carl Alexander,Mid,Designer,Julieshire,52,Female
9dd5b362-0bd0-40db-b68b-19cb18bbd9c6,Hailey Brown,Junior,Designer,Tannerhaven,22,Non-binary
3dba0a40-b480-4506-82cd-264ae20df516,Samantha Sellers,Junior,Engineer,West Lisaland,27,Non-binary
cd8e8a8e-cb79-448f-8c78-7690d9bab8b9,Danielle Weiss,Junior,Analyst,New Andrewfurt,51,Male
c89225d4-f8f6-4386-8927-72cbf75822df,Jeffrey Bird,Senior,Analyst,Lake Mario,29,Non-binary
d0c9b4b0-726b-4313-a2eb-32f687b7bb59,Lisa Hays,Lead,Designer,Tiffanyside,22,Non-binary
1f212b31-45b2-4745-a7ab-ec0599fb6b89,Julie Wright,Junior,Engineer,Rogerburgh,64,Non-binary
103eb12f-0d2b-4699-8905-bf63d3fffe8f,Tammy Ramirez,Lead,Engineer,East Laura,61,Non-binary
1eff08c2-93b0-4b56-9489-775cddb44b11,Jennifer Lopez,Senior,Designer,North Troy,51,Male
d0bcc23b-d7cd-4408-a7fb-8a4e1cec44fe,Amber Taylor,Junior,Engineer,Jackmouth,50,Male
da2e0891-6c4d-402c-bc4d-5f1e2c16066e,Christine Casey,Mid,Manager,New Ashley,47,Female
acfff069-e8aa-4e46-bd3a-822972c5469d,Michael Burton,Mid,Designer,West Michellemouth,49,Female
81c65929-3c97-4e97-9534-fad07344299e,Antonio Warren,Senior,Engineer,New Natalie,39,Male
b5626499-37d3-4d61-8114-cc56d67506b7,Peter Chaney,Mid,Manager,New Courtneyport,64,Non-binary
13f0d0b2-3095-435e-947c-64a4b0f3a311,Lisa Ross,Senior,Engineer,Ernestfurt,22,Female
dced3128-bce5-4190-9617-9a6964b5f52c,John Wilson,Junior,Manager,Lake Pam,59,Male
e48be20d-5ca8-4e26-b354-3a9a5d4d2a5f,Nicholas Gordon,Lead,Designer,North Sheilashire,65,Non-binary
fc3aa055-bf4b-40ab-850d-91d65101209b,Mr. Travis Bruce DDS,Mid,Designer,Russellchester,31,Non-binary
